name,symbol,token_address,pair_address,liquidity_usd,age_days,dex,quote,contract_name,total_functions,nonstandard_fn_count,keep_categories,fund_fns,sig_gated_fns,has_eip2612_permit,admin_setter_fns,admin_mover_fns,bridge_fns,lifecycle_fns,proxy_upgrade_fns,admin_config_fns,admin_only_confirmed,controls_reserve_treasury_pool_vault,reserve_identifiers,is_proxy,proxy_kind,minimal_proxy_clone,effective_implementation,impl_shared_by_n_tokens,impl_verified,proxy_admin,upgrade_authority,upgrade_authority_src,exploit_status,exploit_date,exploit_source,exploit_detail,holder_count,risk_flags,websites,socials
StarLink,SLC,0x8AC96df1D3Dbd7c99A54CB4e50599cE129015E50,0x6d7d33aB0D492aCC7122e0918dF54e2DCF35fb28,11168114.36,32.3,pancakeswap,USDT,SLC,31,8,fund_ops|admin_treasury_pool_signer|admin_config_gated,burn|burnFrom|mint,,False,setExcludeFee|setFee,,,,,setL|setM|setN,setExcludeFee|setFee,False,,False,,False,,0,,,,unresolved,,,,,5926,mintable|hidden_owner,,
CDAO Token,CDAO,0xa9d33E9203E7d4B9EA8f37Eca73CFe810C5d7cD0,0x86aC451a0c0bcAc5b74116Ae90832e89E9c630df,10832478.2,56.2,pancakeswap,Pro,CDaoToken,30,6,admin_treasury_pool_signer|lifecycle_ops|admin_config_gated,,,False,setTargetPool,,,addWhitelist|removeWhitelist,,addWhitelist|removeWhitelist|setSellRates|setTargetRatio|setTransferState,addWhitelist|removeWhitelist|setTargetPool,True,balancePool|setTargetPool|targetPool,False,,False,,0,,,,unresolved,EXPLOITED (paired contract),2026-07-28,SlowMist Hacked,"~$52K, ~167,200 Pro tokens lost. The Pro token contract of Crypto DAO was exploited via missing access control on publicly callable vault functions. CDAO's only qualifying pool is CDAO/Pro (Pro=0x8D65744527f55d0b2338350912d5C99A81ddF0e2), so the exploited contract is this token's paired asset, not the CDAO token itself.",136209,,,
AUV,AUV,0x59523E38727C2F4E6DABe89dB938779058F2aDAf,0x54fCD38Ec2f421bBD8d508d3c335b5c39952060f,10083602.89,27.5,pancakeswap,USDT,AUVToken,148,22,fund_ops|admin_treasury_pool_signer|lifecycle_ops|admin_config_gated,mintNodeEmission|mintStakingEmission|setStakingIncentivePool,,False,setEmissionReservePool|setMainPair|setManualCostOperator|setNodeMiningPool|setProfitTaxBps|setProfitTaxReceiver|setSellTaxNodeReceiver|setSellTaxReserveReceiver|setStakingIncentivePool,,,setLockTransferWhitelist|setProfitCostWhitelist,,grantRole|revokeRole|setBreakerEnabled|setBuyEnabled|setExcluded|setLargeBuyThresholdBps|setLockDuration|setLockTransferWhitelist|setProfitCostWhitelist|setSellEnabled|setTradingEnabled,setEmissionReservePool|setLockTransferWhitelist|setMainPair|setManualCostOperator|setNodeMiningPool|setProfitCostWhitelist|setProfitTaxBps|setProfitTaxReceiver|setSellTaxNodeReceiver|setSellTaxReserveReceiver|setStakingIncentivePool,True,RESERVED_EMISSION_CAP|RESERVE_SHARE_BPS|SELL_TAX_RESERVE_SHARE_BPS|emissionReservePool|nodeMiningPool|sellTaxReserveReceiver|setEmissionReservePool|setNodeMiningPool|setSellTaxReserveReceiver|setStakingIncentivePool|stakingIncentivePool|totalReserveMinted,False,,False,,0,,,,unresolved,,,,,12705,pausable|hidden_owner,,
NEX,NEX,0x3Da5E2EF39cB7530306cf14BaF3c86c201a69B48,0x7cB4a44748b30C4a7D3576F4e771729F8B62B1F2,6313037.89,6.7,pancakeswap,AIC,NEX,33,6,fund_ops|admin_treasury_pool_signer|admin_config_gated,claimStuckTokens,,False,setAutomatedMarketMakerPair|setTaxOfMarket|setminBalanceSwapToken,,,,,setBottomPriceUsd|setPancakeCaller,setAutomatedMarketMakerPair|setTaxOfMarket|setminBalanceSwapToken,False,,False,,False,,0,,,,unresolved,,,,,118,,,
LC Token,LC,0xe7ED99DDc65Ce315F187ac9CCdf59576E89DD82E,0xAaDf6272ba63E89926B691030143437996467E04,4006377.0,24.4,pancakeswap,USDT,ERC20TokenX,39,5,fund_ops|admin_treasury_pool_signer,_burnFrom|burn|burnFrom|mint,,True,setMainPair,,,,,,,False,,False,,False,,0,,,,unresolved,,,,,26854,mintable|hidden_owner,,
Golden Dragon,GD,0xe44D996fF1C6D9720C13C45431E665Afa9F88888,0xbc01D46f8283A7b40c99E342C77AF733233511cE,3957200.95,56.7,pancakeswap,WBNB,GD,47,11,fund_ops|admin_treasury_pool_signer|lifecycle_ops|admin_config_gated,claimToken|startMint,,False,setSwapPairList,,,launchRebase|rebase,,addPowAmounts|setMinUsdt|setNodeCondition|setPowCondition|setStartBuy|setValidCondition,launchRebase|setSwapPairList,True,_poolInfo|fundAddress|getLevelPools|getPoolInfo,False,,False,,0,,,,unresolved,,,,,15677,,,
RICH,RICH,0x7a128ff06283307C8492D92fa7961Ad6253E765d,0xcc27A355f473993b496D45A4c0260f350f366592,3699974.12,32.4,pancakeswap,USDT,RichToken,52,12,fund_ops|admin_treasury_pool_signer|lifecycle_ops|admin_config_gated,recycle|recycleGame|setStaking,,False,setLpFeeAddress|setMarketingAddress|setSwapAtAmount|setSwapFeeAddress,,,excludeFromFee,,setBuildAddress|setColdTime|setGameAddress|setPresale|setStaking,excludeFromFee|setLpFeeAddress|setMarketingAddress|setSwapAtAmount|setSwapFeeAddress,True,getReserveU|poolStatus,False,,False,,0,,,,unresolved,,,,,880,pausable|hidden_owner|blacklist_fn,,
SFIG,SFIG,0x25F0ff2338174872e9C294d5D2fe736454321378,0xEa862b187E7870cB88653D780AAE7f51523916e3,3669709.99,18.3,pancakeswap,USDT,SFIG,33,9,admin_treasury_pool_signer|lifecycle_ops|admin_config_gated,,,False,setFeeExempt|setPair|setTaxReceiver|setTaxRouter|setTaxSwapPath,,,disableWhitelist|setWhitelist|setWhitelistBatch,,disableWhitelist|setUsdtToken|setWhitelist|setWhitelistBatch,disableWhitelist|setFeeExempt|setPair|setTaxReceiver|setTaxRouter|setTaxSwapPath|setWhitelist|setWhitelistBatch,False,,False,,False,,0,,,,unresolved,,,,,2375,,,
SWAN TREASURY,STY,0xD6A4F5AADD88ebA9A170AcF67f737BD488142857,0x2BE23D76F423bf464F310aD98749d82691Ecc830,3111296.91,49.2,pancakeswap,USDT,STYTOKEN,38,7,fund_ops|admin_treasury_pool_signer|lifecycle_ops|admin_config_gated,burn|burnFrom|cutAmmPoolToMinerReward|setMinerRewardContract,,False,setExcludeFromFee|setFeeCutter,,,setExcludeFromFee,,setMinerRewardContract|setStartMineTime,setExcludeFromFee|setFeeCutter,True,cutAmmPoolToMinerReward|maxPoolUsdt,False,,False,,0,,,,unresolved,EXPLOITED,2026-07-30,SlowMist Hacked + crypto.news/CoinDesk,"~$625K. Off-chain signer key hardcoded as _signer in the ZhaiquanBuy contract was leaked; attacker forged signatures to buy ~687k STY at a 100x discount via a PancakeSwap flash loan and exited through the STY/USDT pool. Key compromise, not a signature-verification bug. Vulnerable code sits in ZhaiquanBuy, NOT in the STY token.",5504,,,
AIGO,AIGO,0xa6344A67780e2da01928FEFd9E558D792d7986dc,0x55062dFf43cDBEa250c00368Fc9b5d279d3673CB,2920685.72,20.1,pancakeswap,USDT,AIGOToken,38,10,fund_ops|admin_treasury_pool_signer|admin_token_mover|lifecycle_ops|admin_config_gated,emergencyWithdrawERC20|mint|setDailyLpBurnBps|triggerLiquidityBurn,,False,setBuyFeeBps|setSwapAtAmount,emergencyWithdrawERC20,,batchSetWhitelist,,enableTrading|setDailyLpBurnBps|setNumTokensSellRate|setProject,batchSetWhitelist|emergencyWithdrawERC20|setBuyFeeBps|setSwapAtAmount,False,,False,,False,,0,,,,unresolved,,,,,15341,,,
Smart Solve Token,SST,0x8dB27FB78c89975202f550697cE8Acb2E74B2469,0x850Dd77984103Ccd6a732126Ce3A1319993E9355,2231620.96,48.0,pancakeswap,USDT,SmartSolveToken,22,3,fund_ops|admin_treasury_pool_signer,burn|burnFrom,,False,setPancakeV2Pair,,,,,,setPancakeV2Pair,False,,False,,False,,0,,,,unresolved,,,,,6906,,,
o1.exchange,O,0x500A02a20B0B0A3F3efCCFc0559543F5743bd1C4,0x1A9B68ca1dCaCB106c4b853e2d9c915f0cFe2e56,2208057.07,59.5,pancakeswap,USDT,MyOFT,42,9,admin_treasury_pool_signer|bridge_ops,,,False,setDelegate|setEnforcedOptions|setMsgInspector|setPeer|setPreCrime,,lzReceive|lzReceiveAndRevert|lzReceiveSimulate|send,,,,setDelegate|setEnforcedOptions|setMsgInspector|setPeer|setPreCrime,False,,False,,False,,0,,,,unresolved,,,,,34654,,,
NIXI,逆袭人生,0xceFbf00b3732FE91e46989037E4b2564a4fc7777,0x79cB334149a030643c26980De323b842ac981567,1857113.01,27.7,pancakeswap,WBNB,FlapTaxTokenV3,43,3,lifecycle_ops,,,True,,,,finalizeMigration|initialize|startMigration,,,finalizeMigration|startMigration,True,getPoolStateData|mainPool|poolState|pools,False,,True,0x024f18294970b5c76c0691b87f138a0317156422,20,,,,unresolved,,,,,26068,,,
SpaceX,SPCXB,0xbe9D156892E55e7154BcD3cB0FEA677F9D3103E1,0x66faaD27cf481f82d0089ec8156B3AA3636010C7,1815293.69,12.2,pancakeswap,WBNB,BeaconProxy,45,12,fund_ops|admin_treasury_pool_signer|lifecycle_ops|admin_config_gated,burn|mint|setBurnEnabled|setMintEnabled,,False,setPauseManager,,,initialize,,grantRole|revokeRole|setBurnEnabled|setCompliance|setIdentifier|setMintEnabled|setName|setSymbol,setPauseManager,False,,True,eip1967,False,0xcfed6c4679297ea4889f8183bc057b4a86c64e46,11,True,,0x45e35fe982f3869221b222abea372fa97aa7679d,DEFAULT_ADMIN_ROLE holder | beacon 0x156d6dce9a4f6139a3406f1f021f1a4880de93a3,,,,,131598,,,
喵喵币,喵喵币,0xd9D3dAd2EfeD7eE99F1363FAC549f5E476F19A5a,0x6f6A6eAbBf07af11EA58Ba523cF74618F45FD190,1759282.66,15.6,pancakeswap,USDT,MMToken,67,11,admin_treasury_pool_signer|lifecycle_ops|admin_config_gated,,,True,setFeeExempt|setFeeRecipients|setPair|setPriceFeed|setProfitTax|setProfitTaxShares|setSlippageFees|setSlippageTaxShares,,,batchSetWhitelistTier,,setLaunchTime|setTiers,batchSetWhitelistTier|setFeeExempt|setFeeRecipients|setPair|setPriceFeed|setProfitTax|setProfitTaxShares|setSlippageFees|setSlippageTaxShares,False,,False,,False,,0,,,,unresolved,,,,,79750,,,
MC Token,MC,0x0a4D87F0b646F29aEAED09A2573AD1FF74bBba62,0x1d26B5168f33d9bdF8d43887612C1b68bC27B121,1639497.35,51.3,pancakeswap,USDT,MCToken,32,8,admin_treasury_pool_signer|lifecycle_ops|admin_config_gated,,,False,setExcludeFromFee|setPancakePair|setTaxRecipient,,,setExcludeFromFee|setTradingWhitelist,,grantRole|revokeRole|setMaxTradeUsdtValue|setTradingOpen|setTradingWhitelist,setExcludeFromFee|setPancakePair|setTaxRecipient|setTradingWhitelist,False,,False,,False,,0,,,,unresolved,,,,,7446,pausable|hidden_owner,,
BTCΞ,BTCΞ,0xb1939843fB9220719d13076dCeEfb0aeaeF06666,0x3cC292bB0011951F3151eB998816c31680a2Ce87,1524352.94,35.1,pancakeswap,BTCB,BTToken,64,2,admin_treasury_pool_signer|admin_config_gated,,,False,setFeeSwapper,,,,,settokenExt,setFeeSwapper,True,poolValue,False,,False,,0,,,,unresolved,,,,,7160,,,
ALD,ALD,0x3cBd513239d9E5538A4CAEd8ed53eF77009Df473,0xA25B52492B7177D115feEc6DC09084B1C3952F93,1231060.25,54.1,pancakeswap,WBNB,PandaToken,42,4,fund_ops|admin_treasury_pool_signer|lifecycle_ops,setClaims,,False,setFeeWhiteList|setFundAddress,,,excludeFromDividends|setFeeWhiteList,,,excludeFromDividends|setFeeWhiteList|setFundAddress,True,_buyFundFee|_sellFundFee|fundAddress|setFundAddress,False,,False,,0,,,,unresolved,,,,,8602,,https://www.aldrwa.com/,https://x.com/aladdin_rwa ; https://t.me/ALDOfficialAladdin
Invesqo QQQ,QQQB,0x205812CdBed920aFf76C6580abD681a46D11efc7,0xe531fcb1F5a195de7608B9F4f9518544C2cdB693,1084445.0,34.5,pancakeswap,USDT,BeaconProxy,45,12,fund_ops|admin_treasury_pool_signer|lifecycle_ops|admin_config_gated,burn|mint|setBurnEnabled|setMintEnabled,,False,setPauseManager,,,initialize,,grantRole|revokeRole|setBurnEnabled|setCompliance|setIdentifier|setMintEnabled|setName|setSymbol,setPauseManager,False,,True,eip1967,False,0xcfed6c4679297ea4889f8183bc057b4a86c64e46,11,True,,0x45e35fe982f3869221b222abea372fa97aa7679d,DEFAULT_ADMIN_ROLE holder | beacon 0x156d6dce9a4f6139a3406f1f021f1a4880de93a3,,,,,15682,,,
MarsCoin,MarsCoin,0xFe189E97832DA1573e4e4Ff034F4fFC3a15c7777,0x94F3ed36706c746ad59fAdCAF271b7431AB1D8F1,1037209.02,17.2,pancakeswap,SPCXB,FlapTaxTokenV3,43,3,lifecycle_ops,,,True,,,,finalizeMigration|initialize|startMigration,,,finalizeMigration|startMigration,True,getPoolStateData|mainPool|poolState|pools,False,,True,0x024f18294970b5c76c0691b87f138a0317156422,20,,,,unresolved,,,,,30843,,https://www.marscoinbnb.com/,https://x.com/MarsCoin7777
YH,YH,0xCF9F47937AF27a19b656DbCc462e1f99Ec999999,0x6bB3e44D04D7444ae2ccD98568DaFB8b915aCB03,973483.55,27.6,pancakeswap,HGDAO,YH,56,11,fund_ops|admin_treasury_pool_signer|admin_config_gated,claimLP,,False,setFeeExempt|setFeeProcessInterval|setFeeProcessThreshold|setMarket|setPairOutInterval,,,,,setDividendProcessGas|setHolderDividendExempt|setLPSyncExempt|setLimitExempt|setMinOut,setFeeExempt|setFeeProcessInterval|setFeeProcessThreshold|setMarket|setPairOutInterval,False,,False,,False,,0,,,,unresolved,,,,,14014,,,
DAPPOS,DOS,0xB0f09ea9ae0515C3551080D4a745C8115aA30e37,0xCbeAad783FFD2CeA125E9D9B2Ec21E639d20Fa59,913389.31,3.3,pancakeswap,USDT,DapposTokenOFT,45,11,admin_treasury_pool_signer|bridge_ops|lifecycle_ops,,,False,setDelegate|setEnforcedOptions|setMsgInspector|setPeer|setPreCrime,,lzReceive|lzReceiveAndRevert|lzReceiveSimulate|send,pause|unpause,,,pause|setDelegate|setEnforcedOptions|setMsgInspector|setPeer|setPreCrime|unpause,False,,False,,False,,0,,,,unresolved,,,,,3001,,,
SK Hynix,SKHYB,0xCA750eF65f295BBECd685Abf54e82CAf297BDB61,0xD7d30F434b12F7Ed9b0Ae11fF1C754745a10aD52,835043.16,30.5,pancakeswap,USDT,BeaconProxy,45,12,fund_ops|admin_treasury_pool_signer|lifecycle_ops|admin_config_gated,burn|mint|setBurnEnabled|setMintEnabled,,False,setPauseManager,,,initialize,,grantRole|revokeRole|setBurnEnabled|setCompliance|setIdentifier|setMintEnabled|setName|setSymbol,setPauseManager,False,,True,eip1967,False,0xcfed6c4679297ea4889f8183bc057b4a86c64e46,11,True,,0x45e35fe982f3869221b222abea372fa97aa7679d,DEFAULT_ADMIN_ROLE holder | beacon 0x156d6dce9a4f6139a3406f1f021f1a4880de93a3,,,,,3907,,https://gmgn.ai/bsc/token/0xd3b3a75506a8d36a9b38bc6e05c255910af87777,
Cubus Store Coin,CSC,0x02962e4188902E05C4B1856E065551BCce10FFFf,0xf55C23A434426B985D512E2e5519114A5d0249B6,834555.66,26.2,pancakeswap,WBNB,Token,65,6,fund_ops|bridge_ops|lifecycle_ops|admin_config_gated,claimFee,,False,,,sendFee|sendToken,init|postMigrate,,setMode,init,False,,False,,False,,0,,,,unresolved,,,,,1462,,https://cubusdao.com,https://x.com/cubus_global
FCO Token,FCO,0xcD1829e826249f41a5Cb434Bf2d25C3D5eA78eC0,0x2925340Dd64472A71D32aa9Bec6176f541595d97,820439.32,24.4,pancakeswap,USDT,TokenFCO,45,5,admin_treasury_pool_signer|admin_token_mover|admin_config_gated,,,True,setFeeRatio|setMinFeeAmount,rescueToken,,,,grantRole|revokeRole,,False,,False,,False,,0,,,,unresolved,,,,,10486,,,
NVIDIA Corp,NVDAB,0x02Fca66C1D1aFB4E2A7884261eB00F63598a7436,0x8FB4243b553aC29BA088aCf00B9B7dA24bD6690C,805749.62,15.5,pancakeswap,USDT,BeaconProxy,45,12,fund_ops|admin_treasury_pool_signer|lifecycle_ops|admin_config_gated,burn|mint|setBurnEnabled|setMintEnabled,,False,setPauseManager,,,initialize,,grantRole|revokeRole|setBurnEnabled|setCompliance|setIdentifier|setMintEnabled|setName|setSymbol,setPauseManager,False,,True,eip1967,False,0xcfed6c4679297ea4889f8183bc057b4a86c64e46,11,True,,0x45e35fe982f3869221b222abea372fa97aa7679d,DEFAULT_ADMIN_ROLE holder | beacon 0x156d6dce9a4f6139a3406f1f021f1a4880de93a3,,,,,27026,,,
Mame Inu,MAME,0xe92F7Fe3EAf61DF28b7B75f3FaAB199333c42302,0x924F1a4422a89900FAaFa3F886721FDCcD6e086a,805510.12,53.1,pancakeswap,WBNB,MAMEINU,46,8,fund_ops|admin_treasury_pool_signer|admin_token_mover|lifecycle_ops,excludeFromReward,,False,setAutomatedMarketMakerPair|setMarketingWallet|setSwapEnabled|setSwapThreshold|setTeamWallet,rescueForeignToken,,excludeFromFee|excludeFromReward,,,excludeFromFee|excludeFromReward|rescueForeignToken|setAutomatedMarketMakerPair|setMarketingWallet|setSwapEnabled|setSwapThreshold|setTeamWallet,False,,False,,False,,0,,,,unresolved,,,,,8712,,https://mamebnb.com,https://x.com/mamebnb ; https://t.me/mame
金蝶圣甲,金蝶圣甲,0x4f0c550bFe484F957D5C7Dd26f9a630a92A17777,0x3E86832b28854B5C7A86E8666Ac4aB92cdA1843e,773775.94,26.2,pancakeswap,WBNB,FlapTaxTokenV3,43,3,lifecycle_ops,,,True,,,,finalizeMigration|initialize|startMigration,,,finalizeMigration|startMigration,True,getPoolStateData|mainPool|poolState|pools,False,,True,0x024f18294970b5c76c0691b87f138a0317156422,20,,,,unresolved,,,,,12830,,,https://x.com/skl_flap ; https://t.me/SKL_Flap
AFW,AFW,0x398033B5c6c362ed1fDC9d0A66aAb359769A0C4b,0xC6EA899c6D3B5869786983A9A29e3c380202CC40,749012.36,53.3,pancakeswap,WBNB,AFW,60,7,fund_ops|admin_treasury_pool_signer|proxy_upgrade|admin_config_gated,burnDay|setBurnInfo|withdrawEthToken,,False,setSwapAddrInfo,,,,setCodeInfo,grantRole|revokeRole,,True,poolAddress,True,custom_setImplementation,False,,0,,,0x3dd0aaf4eb6201bf2da71f0fda6c6c24a9ee3db0,DEFAULT_ADMIN_ROLE holder,,,,,3778,hidden_owner,,
GameStop,GMEB,0x46cEeFDa28Dd7207059ed19B0acdc026955bb15C,0x908d49048EB3a7bEdfd238972403842805EAF2bE,712350.67,2.1,pancakeswap,USDT,BeaconProxy,45,12,fund_ops|admin_treasury_pool_signer|lifecycle_ops|admin_config_gated,burn|mint|setBurnEnabled|setMintEnabled,,False,setPauseManager,,,initialize,,grantRole|revokeRole|setBurnEnabled|setCompliance|setIdentifier|setMintEnabled|setName|setSymbol,setPauseManager,False,,True,eip1967,False,0xcfed6c4679297ea4889f8183bc057b4a86c64e46,11,True,,0x45e35fe982f3869221b222abea372fa97aa7679d,DEFAULT_ADMIN_ROLE holder | beacon 0x156d6dce9a4f6139a3406f1f021f1a4880de93a3,,,,,10729,,,
Alphabet,GOOGLB,0x3F53De71c126BdaBAe20f9cD64848d317f6C3238,0x89001D846f7CA36EE089F73eEFC25657E1798144,546050.48,13.5,pancakeswap,USDT,BeaconProxy,45,12,fund_ops|admin_treasury_pool_signer|lifecycle_ops|admin_config_gated,burn|mint|setBurnEnabled|setMintEnabled,,False,setPauseManager,,,initialize,,grantRole|revokeRole|setBurnEnabled|setCompliance|setIdentifier|setMintEnabled|setName|setSymbol,setPauseManager,False,,True,eip1967,False,0xcfed6c4679297ea4889f8183bc057b4a86c64e46,11,True,,0x45e35fe982f3869221b222abea372fa97aa7679d,DEFAULT_ADMIN_ROLE holder | beacon 0x156d6dce9a4f6139a3406f1f021f1a4880de93a3,,,,,1226,,,
BigBull Decentralized,BBD,0x1b50119Bad9eFA60686ec1a418409BD391148f4C,0x24Eca0867dC02BAcA23bC5FEa9f0B746C6776EEc,524932.58,13.3,pancakeswap,USDT,BigBull,26,1,fund_ops,mint,,False,,,,,,,,False,,False,,False,,0,,,,unresolved,,,,,693,,https://bigbull.biz/,https://x.com/bigbullfinance_ ; https://t.me/bigbull_finance ; https://www.instagram.com/bigbull.finance_
AiFu,AFF,0xf1a05A63bc33269fc5dA861385B28ab6671a921b,0x63F3c275b8d8a786f43ce64496decc5B3a1d6856,458772.13,45.5,pancakeswap,AiFi,AFFToken,88,25,fund_ops|admin_treasury_pool_signer|lifecycle_ops|admin_config_gated,initTokenDistributors|setMainBurnBps|setRewardGas|userClaimMint,,False,setAddFee|setBuyFee|setMarketTime|setMinSwapOut|setPairs|setRemoveFee|setSellFee|setSwapOutLimit|setTransferFee|setTreasuryAifiDailyOutBps|setTreasuryExecuteContract|setTreasuryMarketAddress,,,initLPAmounts|initPairs|initTokenDistributors|setBlackList|setWhiteList,,setBlackList|setDappContract|setLimitAmount|setLpDividendTracker|setMainBurnBps|setRewardGas|setTokenHolderDividendTracker|setWhiteList|updateLPAmount,initLPAmounts|initPairs|initTokenDistributors|setAddFee|setBlackList|setBuyFee|setMarketTime|setMinSwapOut|setPairs|setRemoveFee|setSellFee|setSwapOutLimit|setTransferFee|setTreasuryAifiDailyOutBps|setTreasuryExecuteContract|setTreasuryMarketAddress,True,TREASURY_AIFI_DAILY_OUT_LOCK_BPS|_getReserves|setTreasuryAifiDailyOutBps|setTreasuryExecuteContract|setTreasuryMarketAddress|treasuryAifiDailyOutBps|treasuryExecuteContract|treasuryMarketAddress,False,,False,,0,,,,unresolved,,,,,8750,pausable|blacklist_fn,,
HAKE,HAKE,0x6F161448740241b01B034cB5c6B2fc34223Fad02,0xcffc8C19cfD66b445C612339C668Fa8cE1d2Ea19,421187.79,25.2,pancakeswap,USDT,HAKE,42,12,fund_ops|admin_treasury_pool_signer|lifecycle_ops|admin_config_gated,claimBalance|claimToken,,False,setFeeWhiteList|setLpFee|setSwapPairList|setSwapRouter,,,batchSetBlackList|batchSetFeeWhiteList|setBlackList|setFeeWhiteList,,setBlackList|setCanBuy|setSell|updateMarketAddress,batchSetBlackList|batchSetFeeWhiteList|setBlackList|setFeeWhiteList|setLpFee|setSwapPairList|setSwapRouter,True,__getReserves|_getReserves,False,,False,,0,,,,unresolved,,,,,16595,pausable|blacklist_fn,,
VL,VL,0x87e22C22EE71788c3aba5F86372B0DbdB88A889e,0xD20e3c6611c8Ed506ECA4e3C3a0E4437BC76eB85,354878.0,43.3,pancakeswap,USDT,VLToken,46,6,admin_treasury_pool_signer|admin_token_mover|lifecycle_ops|admin_config_gated,,,False,setFeeWhiteList|setFundAddress|setMarketingAddress,rescueBalance|rescuetoken,,setFeeWhiteList,,setCenterContract,setFeeWhiteList|setFundAddress,True,fundAddress|setFundAddress,False,,False,,0,,,,unresolved,,,,,2014,blacklist_fn,,
VANTA,VTA,0x57ecFb01f2FA4e8A768AaaE2B9fB4DC0CF9effff,0xB745780A2Ae327dd4CCbA179a88836ecEe42cd56,351460.66,57.2,pancakeswap,WBNB,Token,78,19,fund_ops|admin_treasury_pool_signer|admin_token_mover|lifecycle_ops|admin_config_gated,setDistributionSettings,,False,setBuyTaxes|setIsExcludedFromFee|setIsWalletLimitExempt|setMarketPairStatus|setMarketingWalletAddress|setNumTokensBeforeSwap|setSelTaxes|setSwapAndLiquifyByLimitOnly|setSwapAndLiquifyEnabled|setTeamWalletAddress|setWalletLimit,setAirdropNumbs,,setMaxTxAmount,,enableDisableWalletLimit|setAirdropNumbs|setAntiSYNCEnable|setDistributionSettings|setIsTxLimitExempt|setKing|setMaxDesAmount|setMaxTxAmount,setAirdropNumbs|setBuyTaxes|setIsExcludedFromFee|setIsWalletLimitExempt|setMarketPairStatus|setMarketingWalletAddress|setMaxTxAmount|setNumTokensBeforeSwap|setSelTaxes|setSwapAndLiquifyByLimitOnly|setSwapAndLiquifyEnabled|setTeamWalletAddress|setWalletLimit,False,,False,,False,,0,,,,unresolved,,,,,9735,pausable|blacklist_fn,,
The Final Form Bull,CZ,0x7A848a5A8169aa6a2f603D056A749f924F504444,0xd55Fa2c5E63eCAC3A158ca3fED4c8C2185ED45b2,341200.51,41.0,pancakeswap,WBNB,Token,20,2,lifecycle_ops|admin_config_gated,,,False,,,,init,,setMode,init,False,,False,,False,,0,,,,unresolved,,,,,66611,pausable,,https://x.com/i/communities/1975172548406161791
Romantic,Romantic,0xb45a6Ce5437eBE421b341E5bb92508432Ce99999,0xb7A39286Bff6cdc84fF4ca43B832B3011a3e0963,327886.85,20.4,pancakeswap,WBNB,GGGTOKEN,92,23,admin_treasury_pool_signer|lifecycle_ops|admin_config_gated,,,False,setAddLiquidityFee|setBuyFee|setBuyNFTFee|setInviterFee|setMarketAddr|setRemoveLiquidityFee|setSellFee|setSellNFTFee|setSwapTokensAtAmount|setTranFee|setUniswapV2Pair,,,excludeFromBatchFee|excludeFromFee|initialize,,setBatchBot|setDivAmount|setDropNum|setInviKillBlock|setIsDividendExempt|setLimit|setMinPeriod|setNFT|setRemoveReceiveAddress,excludeFromBatchFee|excludeFromFee|setAddLiquidityFee|setBuyFee|setBuyNFTFee|setInviterFee|setMarketAddr|setRemoveLiquidityFee|setSellFee|setSellNFTFee|setSwapTokensAtAmount|setTranFee|setUniswapV2Pair,False,,False,,False,,0,,,,unresolved,,,,,26746,blacklist_fn,,
Apple,AAPLB,0x431a3BEE82E2ca41e49895CbECE5bB0F76A89b7A,0xe9b9998B2EC5430D2246c7f1F8D9f298c97D7365,319065.19,14.6,pancakeswap,USDT,BeaconProxy,45,12,fund_ops|admin_treasury_pool_signer|lifecycle_ops|admin_config_gated,burn|mint|setBurnEnabled|setMintEnabled,,False,setPauseManager,,,initialize,,grantRole|revokeRole|setBurnEnabled|setCompliance|setIdentifier|setMintEnabled|setName|setSymbol,setPauseManager,False,,True,eip1967,False,0xcfed6c4679297ea4889f8183bc057b4a86c64e46,11,True,,0x45e35fe982f3869221b222abea372fa97aa7679d,DEFAULT_ADMIN_ROLE holder | beacon 0x156d6dce9a4f6139a3406f1f021f1a4880de93a3,,,,,5530,,,https://x.com/finder_bnb
千里马,QLM,0x1Df197D03967eD707E5AABc2c6Cf0c0d62cb7777,0xfC76cc56C5f0962fDBa127F5a582Df37FDA9CE71,311094.0,36.3,pancakeswap,WBNB,FlapTaxTokenV3,43,3,lifecycle_ops,,,True,,,,finalizeMigration|initialize|startMigration,,,finalizeMigration|startMigration,True,getPoolStateData|mainPool|poolState|pools,False,,True,0x024f18294970b5c76c0691b87f138a0317156422,20,,,,unresolved,,,,,11539,,,https://x.com/Qlm_DeFi ; https://t.me/QLiM_Flap
何必东奔西走 币安全部都有,币有,0xe9337Dde3dd9e97f1f45A56412767ce5098E7777,0x44Ea468B40ec3f9DE546Fd5Da9C3AF7A9D23833A,309794.1,13.3,pancakeswap,SPYB,FlapTaxTokenV3,43,3,lifecycle_ops,,,True,,,,finalizeMigration|initialize|startMigration,,,finalizeMigration|startMigration,True,getPoolStateData|mainPool|poolState|pools,False,,True,0x024f18294970b5c76c0691b87f138a0317156422,20,,,,unresolved,,,,,7275,,,https://x.com/0xcocoCN/status/2059925780747178413
REAL WORLD APPAREL,JACKET,0x57aeDac0cCaafDEc0ec62FC4fBFd8252735affff,0x5de5A5Da39a23a023B964C25d1A836F9eeA7CFD1,307361.17,10.2,pancakeswap,NVDAB,Token,65,6,fund_ops|bridge_ops|lifecycle_ops|admin_config_gated,claimFee,,False,,,sendFee|sendToken,init|postMigrate,,setMode,init,False,,False,,False,,0,,,,unresolved,,,,,7880,,https://jacket.fund/,https://x.com/jacket_cto
SPY,SPYB,0x7138b48df7D98D7e3cc221BfE7192D0a178182D8,0x7aA6d92Fc369A8C1EDc631A3aAc44eFB0808ddbF,305848.88,36.7,pancakeswap,USDT,BeaconProxy,45,12,fund_ops|admin_treasury_pool_signer|lifecycle_ops|admin_config_gated,burn|mint|setBurnEnabled|setMintEnabled,,False,setPauseManager,,,initialize,,grantRole|revokeRole|setBurnEnabled|setCompliance|setIdentifier|setMintEnabled|setName|setSymbol,setPauseManager,False,,True,eip1967,False,0xcfed6c4679297ea4889f8183bc057b4a86c64e46,11,True,,0x45e35fe982f3869221b222abea372fa97aa7679d,DEFAULT_ADMIN_ROLE holder | beacon 0x156d6dce9a4f6139a3406f1f021f1a4880de93a3,,,,,36685,,,
GOGOGO,GOGOGO,0x27645951262895AC9f4F18Cde02154aA4fbb86C0,0x3b75172a3d636b763980B2E950268dc6F59c0b72,296617.56,42.1,uniswap,USDT,GoogolV2,20,2,admin_treasury_pool_signer|admin_config_gated,,,False,setPairTransferEnabled,,,,,setTransferGate,,False,,False,,False,,0,,,,unresolved,,,,,2,,,
APEX,APEX,0xC2d2DfBf9A7F27138Ee32b9a4C17a2E5233aAAAA,0x4366cA77B9B561aC2EE7A683F6088a368d900Bf8,284707.34,59.8,pancakeswap,WBNB,APEX,73,17,fund_ops|admin_treasury_pool_signer|admin_token_mover|lifecycle_ops|admin_config_gated,addTotalRewards|setVault,,False,setBuyFees|setDFeeFlag|setDeflationFee|setExtraFee|setMarketingAddr|setMinBuyingPairBalance|setNumTokensSellToSwap|setPair|setSellFees|setVault,rescueERC20|rescueETH,,excludeFromFees|init,,setEnableBuying|setLpInterval,excludeFromFees|init|rescueERC20|rescueETH|setBuyFees|setDFeeFlag|setDeflationFee|setExtraFee|setMarketingAddr|setMinBuyingPairBalance|setNumTokensSellToSwap|setPair|setSellFees|setVault,True,_getReserves|dynamicFeeVault|lpVault|reserveLastDay|setVault,False,,False,,0,,,,unresolved,,,,,51295,pausable,,
MC,MC,0x5892B6EE1adEeb7d6169FCB052cfcF6bBc253139,0x4Cb1B8B701Cd46Bdf8b8CeB78459acbFD842E4fF,281748.77,5.5,pancakeswap,RT,SubToken,81,25,fund_ops|admin_treasury_pool_signer|admin_token_mover|lifecycle_ops|admin_config_gated,emergencyWithdraw|mintByMainToken|mintToClaimContract|setSubTokenClaim,,False,setFees|setIsPair|setMainSubPair|setMarketCapController|setModeVerifyDelegation|setProcessFeesContract|setTransferReserve|setTrustedEIP7702Impl,emergencyWithdraw,,setAddCostWhitelist|setBlacklist|setNormalWhitelist|setSuperWhitelist,,disableTrading|enableTrading|setAddCostWhitelist|setAddresses|setBlacklist|setDefaultPrice|setMinLpTrigger|setModeAllowAllContracts|setModeAllowAllEIP7702|setModeBanAllContracts|setProfitMultiplier|setSubTokenClaim|setSuperWhitelist,emergencyWithdraw|setAddCostWhitelist|setBlacklist|setFees|setMainSubPair|setMarketCapController|setModeVerifyDelegation|setProcessFeesContract|setSuperWhitelist|setTransferReserve|setTrustedEIP7702Impl,True,setTransferReserve|transferReserve,False,,False,,0,,,,unresolved,,,,,168,blacklist_fn,,
Asian games,Asian games,0x31d19B3633eBdb60Dc9d690b3e9eB1FFF61A7777,0xC338a9cA7577370826e8e58F096F657178Fd1b5c,280691.81,5.3,pancakeswap,WBNB,FlapTaxTokenV3,43,3,lifecycle_ops,,,True,,,,finalizeMigration|initialize|startMigration,,,finalizeMigration|startMigration,True,getPoolStateData|mainPool|poolState|pools,False,,True,0x024f18294970b5c76c0691b87f138a0317156422,20,,,,unresolved,,,,,6826,,,
ZT,ZT,0xDd1667eC26684D62B43958D7f161540318720839,0x92f9f7909852E0B9F20C56c481B18010562d034A,267766.69,23.5,pancakeswap,FIST,ZT,109,29,fund_ops|admin_treasury_pool_signer|admin_token_mover|lifecycle_ops|admin_config_gated,claim|claimBurnDividendTrackerToken|claimLPDividendTrackerToken|claimToken|multiExcludeFromBurnDividends|processBurnDividendTracker|setBurnClaimWait|setBurnMinimumTokenBalanceForDividends|setLPClaimWait|setRemoveLpBurnInterval|setRemoveLpBurnTiers,,False,setAddLiquidityFee|setFees|setLiquidityPair|setMarketingWallet|setMarketingWalletSec|setMinSwapValue|setProfitTaxRate|setRemoveLiquidityFee|setSwapAtAmount|setTransferFee|setWalletLimit,setAirdropNumbs,,multiExcludeFromBurnDividends|multiExcludeFromLPDividends,,setAirdropNumbs|setBuyLimit|setEnableRejectPancakeRemoveLp|setKillBlockTimestamp|setReceiveGeneratedLpAddr|setRemoveLpBurnTiers|setStartTradeTimestamp,setAddLiquidityFee|setAirdropNumbs|setFees|setMarketingWallet|setMarketingWalletSec|setMinSwapValue|setProfitTaxRate|setRemoveLiquidityFee|setSwapAtAmount|setTransferFee|setWalletLimit,True,_getReserves|buyFundFee|sellFundFee,False,,False,,0,,,,unresolved,,,,,4453,pausable|blacklist_fn,,
"Tesla, Inc. ",TSLAB,0x5b1910eAaD6450E50f816082Aa078C41F10C292f,0xB0f5E5400E8F0F7C242F2b7740C004f020579c41,267185.63,13.5,pancakeswap,USDT,BeaconProxy,45,12,fund_ops|admin_treasury_pool_signer|lifecycle_ops|admin_config_gated,burn|mint|setBurnEnabled|setMintEnabled,,False,setPauseManager,,,initialize,,grantRole|revokeRole|setBurnEnabled|setCompliance|setIdentifier|setMintEnabled|setName|setSymbol,setPauseManager,False,,True,eip1967,False,0xcfed6c4679297ea4889f8183bc057b4a86c64e46,11,True,,0x45e35fe982f3869221b222abea372fa97aa7679d,DEFAULT_ADMIN_ROLE holder | beacon 0x156d6dce9a4f6139a3406f1f021f1a4880de93a3,,,,,19366,,,
ShopinX Token,SPX,0xCa56094722450016F280C4Fd6a333E5c36903827,0xe2561a789E8d94f3f9B620AaEcc627e1E205FE8B,263717.33,18.8,pancakeswap,USDT,ShopinXToken,36,4,fund_ops|admin_config_gated,burn|burnFrom,,True,,,,,,removeLock|setLock,,False,,False,,False,,0,,,,unresolved,,,,,2215,blacklist_fn,https://shopinx.io,https://x.com/ShopinxSPX ; https://www.instagram.com/shopin.x?igsh=MXJ3cjl6eHI0emY5OA==
功夫女足,功夫女足,0x7122af246EBd72899268DcFa486d2E437A419527,0x3dC984dF68520E3269243Db6Adca691a031473E7,257507.06,2.4,pancakeswap,WBNB,KungFuWomenFootballToken,43,6,fund_ops|admin_treasury_pool_signer|lifecycle_ops|admin_config_gated,setPumpVault,,False,setAutomatedMarketMakerPair|setMarketWhitelist|setMarketingWallet|setPumpVault|setSellTaxConversionThreshold,,,setMarketWhitelist,,setPreLaunchTraders,setAutomatedMarketMakerPair|setMarketWhitelist|setMarketingWallet|setPumpVault|setSellTaxConversionThreshold,True,lastPoolShrinkAt|poolShrinkStatus|pumpVault|setPumpVault|shrinkPool,False,,False,,0,,,,unresolved,,,,,10465,pausable,,
BoLe,BoLe,0x5e4538460E07A12ea756fe1B774bf5C006797777,0x2D473fCF1113888a76e678bDf808e557422833a6,252843.54,29.3,pancakeswap,WBNB,FlapTaxTokenV3,43,3,lifecycle_ops,,,True,,,,finalizeMigration|initialize|startMigration,,,finalizeMigration|startMigration,True,getPoolStateData|mainPool|poolState|pools,False,,True,0x024f18294970b5c76c0691b87f138a0317156422,20,,,,unresolved,,,,,21473,,https://m.debox.pro/group?id=hbueubhc&code=j3e35crx,https://x.com/_GOUTCOIN ; https://t.me/BoLeOfficial
Cets On Gold,CETS,0xB0c2aB5af4028461acE3f6e1C33a4eE1404E7777,0xdabbd019c0174BDAE6354f32b158D42e4A0E7489,252176.57,7.6,pancakeswap,XAUt,FlapTaxTokenV3,43,3,lifecycle_ops,,,True,,,,finalizeMigration|initialize|startMigration,,,finalizeMigration|startMigration,True,getPoolStateData|mainPool|poolState|pools,False,,True,0x024f18294970b5c76c0691b87f138a0317156422,20,,,,unresolved,,,,,1902,,https://cetsongold.com/,https://x.com/cetsongold ; https://t.me/cetsongold
PEPGEM,PEPGEM,0x0fD1eBe9200DC1E587B8Ee82Ccbd2a13413532f2,0x3a4B1Ff7EFe14d16D353A862cD9e9d1fd4781D0e,247199.75,20.2,pancakeswap,USDT,PEPGEMToken,116,19,fund_ops|admin_treasury_pool_signer|admin_config_gated,setBurnDividendDistributor|setBurnExitMultiplier|setCommunityRewardsWallet|setDividendDistributor|setMaxBurnUSDPerTx|setMinBurnUSD|setNFTMinter|setPeppaBurnWallet|setReferralBurnDividend,,False,setCommunityRewardsWallet|setExcludedFromFee|setExcludedFromFeeBatch|setNFTMinter|setPeppaBurnWallet|setRedemptionPool|setSellTaxDurations|setSwapThreshold,,,,,setBurnDividendDistributor|setBurnExitMultiplier|setDeflationAddresses|setDeflationInterval|setDeflationTrigger|setDividendDistributor|setMaxBurnUSDPerTx|setMinBurnUSD|setOpenTrade|setReferralBurnDividend|setReferralNFTDividend,setCommunityRewardsWallet|setExcludedFromFee|setExcludedFromFeeBatch|setNFTMinter|setPeppaBurnWallet|setRedemptionPool|setSellTaxDurations|setSwapThreshold,True,LIQUIDITY_POOL_AMOUNT|liquidityPoolWallet|poolCreationTime|redemptionPool|setRedemptionPool,False,,False,,0,,,,unresolved,,,,,10262,pausable,,
BF,BF,0x670225Aa919952c630764F5A7d36837c9f866666,0x0D2Ecc05f8F38129d4Ff21585f050821F17De5cC,239647.33,33.0,pancakeswap,都踏马得来,BFToken,107,12,fund_ops|admin_treasury_pool_signer|admin_config_gated,batchInitialDepositMotherFor|claimPendingNodeReward|claimPendingTeamReward|depositFor|distributeReleaseBatch|fundReleaseReserve|setDepositOperator|triggerLpReserveRelease|withdrawLP,,False,setDepositOperator|setPair|setRouter,,,,,setInitialMotherPerBf,setDepositOperator|setPair|setRouter,True,RELEASE_RESERVE_BONUS_RATE|bfLiquidityReserve|fundLiquidityBfReserve|fundReleaseReserve|releaseReserve|triggerLpReserveRelease,False,,False,,0,,,,unresolved,,,,,551,blacklist_fn,,
DBURN,DBURN,0xDD2FeE7fc438AEA520e2678E9dDBebC5B7b63333,0x12CA5BdF5fAE4B0fE7D2855c6799ae09218D6874,236864.5,6.5,pancakeswap,WBNB,BurnToken,37,4,fund_ops|admin_treasury_pool_signer|lifecycle_ops,executePoolBurn,,False,setTaxWhitelist,,,initialize|markMigrated|setTaxWhitelist,,,setTaxWhitelist,True,executePoolBurn|lastPoolBurnAt|minPoolTokenBalance|poolBurnBpsPerHour|poolQuoteToken,False,,False,,0,,,,unresolved,,,,,3215,,,
RT,RT,0x82BbE7f1864279fc9604267509D6BAe946333919,0x38CdC7D3A751e5276aE874C9c4114b7876A143c9,236778.51,5.6,pancakeswap,USDT,MainToken,124,32,fund_ops|admin_treasury_pool_signer|admin_token_mover|lifecycle_ops|admin_config_gated,batchSetUserMintValue|burnFromPoolToWealth|emergencyWithdraw|mint|setDistributionPercents|setMintStartTime|setMintingEnabled|setUsdtDistributionPercents|setUserMintValue,,False,setFees|setHighTaxFees|setIsPair|setMarketCapController|setProcessFeesContract|setProfitTax|setTrustedEIP7702Impl|setTrustedImplsEnabled,emergencyWithdraw,,setBlacklist|setMaxTxPercent|setNormalWhitelist|setSuperWhitelist,,setBlacklist|setBuyEnabled|setCooldown|setDistributionPercents|setExtraPercents|setMaxTxPercent|setMinLpTrigger|setMintStartTime|setMintingEnabled|setNormalWhitelist|setPriorityPeriod|setSellEnabled|setSuperWhitelist|setTradeEnabled,emergencyWithdraw|setBlacklist|setFees|setHighTaxFees|setIsPair|setMarketCapController|setMaxTxPercent|setNormalWhitelist|setProcessFeesContract|setProfitTax|setSuperWhitelist|setTrustedEIP7702Impl|setTrustedImplsEnabled,True,TRANSFER_RESERVE|burnFromPoolToWealth,False,,False,,0,,,,unresolved,,,,,1033,pausable|blacklist_fn,,
Tether Gold,XAUt,0x21cAef8A43163Eea865baeE23b9C2E327696A3bf,0x10e8d7A9e36cBf06e5070f61c73bc67132dEB2ff,236173.03,18.6,pancakeswap,BTCB,TransparentUpgradeableProxy,43,12,fund_ops|sig_gated|bridge_ops|lifecycle_ops|admin_config_gated,crosschainBurn|crosschainMint|mint|redeem,cancelAuthorization|receiveWithAuthorization|transferWithAuthorization,True,,,crosschainBurn|crosschainMint,initialize,,addToBlockedList|removeFromBlockedList|setOFTContract|updateNameAndSymbol,crosschainBurn|crosschainMint,True,destroyBlockedFunds,True,eip1967,False,0x9151434b16b9763660705744891fa906f660ecc5,1,True,0xedaba024be4d87974d5ab11c6dd586963cccb027,0xedaba024be4d87974d5ab11c6dd586963cccb027,eip1967_admin_slot,,,,,14367,,,
CZBURN,CBURN,0x309409237C4dB70Cd66067741eDcF02Bf69E7777,0x0B72bf3C70531E04d58783b2DD12fb71180744De,236141.26,2.3,pancakeswap,WBNB,FlapTaxTokenV3,43,3,lifecycle_ops,,,True,,,,finalizeMigration|initialize|startMigration,,,finalizeMigration|startMigration,True,getPoolStateData|mainPool|poolState|pools,False,,True,0x024f18294970b5c76c0691b87f138a0317156422,20,,,,unresolved,,,,,2964,,,
暴躁牛,暴躁牛,0x3A51dAE2Dc3D901A2cEfeD3Ad128116bf31C7777,0xfBb04B4D5F8610D09cc6973b1Efd44C0fE51bbAc,209015.84,19.3,pancakeswap,WBNB,FlapTaxTokenV3,43,3,lifecycle_ops,,,True,,,,finalizeMigration|initialize|startMigration,,,finalizeMigration|startMigration,True,getPoolStateData|mainPool|poolState|pools,False,,True,0x024f18294970b5c76c0691b87f138a0317156422,20,,,,unresolved,,,,,9182,,,https://x.com/ANGRYBULU ; https://t.me/ANGRYBULU
宇树机器人,宇树机器人,0xaA63730f078FF3C3B31e3521BD8E63A8a7a7297e,0x207fB72397ddE915D0d48427F77ff26bBcFf2BAE,201381.4,1.3,pancakeswap,WBNB,SimpleProxy11,4,1,proxy_upgrade,,,False,,,,,setImplementation,,,False,,True,eip1967,False,0xdd82c0ee3553c8a659aaebc60a2fcc82ed1c1489,1,False,,,unresolved,,,,,,SAFETY_CHECK_UNAVAILABLE,,
赤子,CZ,0xF5Ed4e9fb91F19D2E7f9D485F8D812c679eedd50,0x46b7d5F6a5a465052648ad6ED8a51A0D713e3280,190767.0,13.2,pancakeswap,USDT,ChiziToken,34,2,admin_treasury_pool_signer,,,True,setNftDividendPool|setTaxExempt,,,,,,setNftDividendPool|setTaxExempt,True,nftDividendPool|setNftDividendPool,False,,False,,0,,,,unresolved,,,,,1470,,https://chizifi.app ; https://m.debox.pro/group?id=uqw5ek6c&code=rs8ek3zq,
币安宇宙,币安宇宙,0x0118508d60B355b83B96eAcc08C41b71E8314c6b,0x439BBbcb0536460850d95158439968B8FBCdbF20,188220.17,1.3,pancakeswap,WBNB,SimpleP015,4,1,proxy_upgrade,,,False,,,,,setImplementation,,,False,,True,custom_setImplementation,False,0x6605ecdf70eb83951dd5b6fcb7adbbb3d240076b,1,,,,unresolved,,,,,234475,,,
SUMMER,SUMMER,0xeEb3d73d4dd44e6E4d957d89492f05d5CCeE7777,0x84307D86E8C367a98aCDcaB707eBE741E1F2C412,183667.22,8.3,pancakeswap,SPYB,FlapTaxTokenV3,43,3,lifecycle_ops,,,True,,,,finalizeMigration|initialize|startMigration,,,finalizeMigration|startMigration,True,getPoolStateData|mainPool|poolState|pools,False,,True,0x024f18294970b5c76c0691b87f138a0317156422,20,,,,unresolved,,,,,2995,,,
Terra Kinetic Network,TKN,0xc626AD09B1c30B556705741731879EE95d7C9939,0xd91D7B5c971202eE2693Ad30b217CDad0009e33D,179426.4,21.6,pancakeswap,WBNB,TKNToken,91,18,fund_ops|admin_treasury_pool_signer|admin_token_mover|admin_config_gated,burn|burnFrom|emergencyWithdraw|executeDailyLPBurn,,False,setBnbUsdtPair|setClubWallet|setFeeExempt|setLpPair|setMiningPoolOperator|setNftWallet|setOfficialWallet|setReferrerAdmin|setSpecialWallet,emergencyWithdraw,,,,setBuyEnabled|setCachto|setDefaultAddr|setStartTime|setUserAddr,emergencyWithdraw|setBnbUsdtPair|setClubWallet|setFeeExempt|setLpPair|setMiningPoolOperator|setNftWallet|setOfficialWallet|setReferrerAdmin|setSpecialWallet,True,miningPoolOperator|setMiningPoolOperator,False,,False,,0,,,,unresolved,,,,,829,mintable,,
Vow Euro,v€,0x3745e245612f130B57589688060454A8ae43276C,0x8fC5E4cC4768449bc7fEb0Bf094BCdc3e4B16975,177407.94,26.7,pancakeswap,v$,VowEuroToken,26,6,fund_ops|admin_config_gated,burn|burnFrom|mint|setSkipTransferBurn,,False,,,,,,grantRole|revokeRole|setSkipTransferBurn,,False,,False,,False,,0,,,,unresolved,,,,,99,mintable,,
Zirix,ZX,0x45578E017c5014F06d5DA1707EEA7AFAec295437,0xF153fe4e7D71e7c1c8aE29344BD28991Fd160e8d,175874.95,10.0,pancakeswap,USDT,ZirixTokenContract,21,4,fund_ops|admin_treasury_pool_signer|lifecycle_ops|admin_config_gated,burn|burnFrom,,False,setDexPair,,,setWhitelistedContract,,setWhitelistedContract,setDexPair|setWhitelistedContract,False,,False,,False,,0,,,,unresolved,,,,,140,,,
关山月,关山月,0xdeA5a7a216c867Df782779f4ab0E3b2aB868f2E3,0xCF7e25D3B5890947f2c7fDed0D101aB0b9175AfE,169784.81,7.7,pancakeswap,USDT,GSY,26,3,admin_treasury_pool_signer|lifecycle_ops,,,False,setFeeReceiver|setSwapTokensAtAmount,,,excludeFromFees,,,excludeFromFees|setFeeReceiver|setSwapTokensAtAmount,False,,False,,False,,0,,,,unresolved,,,,,12612,,,
DS,DS,0xEB112E3feb273fFC3ea6532724d53ec8EE388888,0xca00fe1A387EcB65CbDd6E5aea3C4dea0eC18ad9,169219.09,10.9,pancakeswap,WBNB,DSToken,27,5,fund_ops|admin_treasury_pool_signer|admin_config_gated,recycle|setStakePoolAddress,,False,setNodePool|setStakePoolAddress,,,,,setAddress|setSellLaunched,setNodePool|setStakePoolAddress,True,_getReserves|_getReserves0|_updateDayReserves|lastDayReserves|setNodePool|setStakePoolAddress,False,,False,,0,,,,unresolved,,,,,3,pausable,,
Talus Token,US,0x51f1AFC16E154d1601e61EcA21d8Af4897f1e840,0xC84c8a7A25cEb962403775FA5a8C38Fbce0D4162,161509.03,55.6,pancakeswap,USDT,BridgeToken,22,4,fund_ops|lifecycle_ops|admin_config_gated,burn|mint,,True,,,,initialize,,updateDetails,,False,,True,eip1967,False,0x7f8c5e730121657e17e452c5a1ba3fa1ef96f22a,1,True,,0xb6f6d86a8f9879a9c87f643768d9efc38c1da6e7,owner() | beacon 0xb6f6d86a8f9879a9c87f643768d9efc38c1da6e7,,,,,234,,,
BearWin,BRC,0xc69EEAD86a8249A768708DBA88001FEb90068888,0x040C925D68A32Ffa6199DADA68b4b9751f07DDB0,148816.3,17.5,pancakeswap,BW,ABRCTOKEN,25,5,admin_treasury_pool_signer|admin_token_mover|lifecycle_ops|admin_config_gated,,,False,setExcludedFromFees,rescueToken,,excludeFromFeesUsers,,changeNodeAddress|setStartTime,excludeFromFeesUsers|setExcludedFromFees,False,,False,,False,,0,,,,unresolved,,,,,15594,,,
MIZU KAPPA,MIZU,0xb1D1F602034F7c4b242169b818200d07C117FfFF,0xebCEb9c56F7011A424E895bc3F48b1F7229ee4E3,147517.85,37.8,pancakeswap,WBNB,Token,65,6,fund_ops|bridge_ops|lifecycle_ops|admin_config_gated,claimFee,,False,,,sendFee|sendToken,init|postMigrate,,setMode,init,False,,False,,False,,0,,,,unresolved,,,,,1433,,https://mizukappa.io/ ; https://www.facebook.com/MizukappaonBsc ; https://whatsapp.com/channel/0029Vb78EzE6mYPG4HhB700Y ; https://www.youtube.com/@mizukappatoken,https://x.com/Mizu_kappa ; https://t.me/Mizukappa
Microsoft,MSFTB,0x80106cb3EAD06659A5ad19DF39D9b4733863B9b0,0x5018b018cEB7645c927c5Cf246786F89ebCbe7Ea,145562.84,24.1,pancakeswap,USDT,BeaconProxy,45,12,fund_ops|admin_treasury_pool_signer|lifecycle_ops|admin_config_gated,burn|mint|setBurnEnabled|setMintEnabled,,False,setPauseManager,,,initialize,,grantRole|revokeRole|setBurnEnabled|setCompliance|setIdentifier|setMintEnabled|setName|setSymbol,setPauseManager,False,,True,eip1967,False,0xcfed6c4679297ea4889f8183bc057b4a86c64e46,11,True,,0x45e35fe982f3869221b222abea372fa97aa7679d,DEFAULT_ADMIN_ROLE holder | beacon 0x156d6dce9a4f6139a3406f1f021f1a4880de93a3,,,,,3896,,,
EP,EP,0xC689A4aF8A68c61386766755BB8C8d0A54388888,0xd3691EBbbFCa22b983cC236abc38dFac56DdC65a,144413.68,45.1,pancakeswap,WBNB,ExpansionProtocol,38,5,admin_treasury_pool_signer|admin_config_gated,,,False,setAutomatedMarketMakerPairs,,,,,setBotAddress|setGuaranteeAddress|setLpDividendAddress|setNfrTokenAddress,setAutomatedMarketMakerPairs,True,PROTECTION_POOL_RATE|miningPoolAddress,False,,False,,0,,,,unresolved,,,,,1895,,,
SIXSEVEN,67,0xE7E569417D315Ef260778C09d289d7966213C452,0xFfe68427490247F4151A7E8ef744c59f4fc98a13,142127.91,20.3,pancakeswap,USDT,TransparentUpgradeableProxy,48,12,admin_treasury_pool_signer|bridge_ops|lifecycle_ops|proxy_upgrade,,,False,setDelegate|setEnforcedOptions|setMsgInspector|setPeer|setPreCrime,,lzReceive|lzReceiveAndRevert|lzReceiveSimulate|send,initialize|upgradeTo|upgradeToAndCall,upgradeTo|upgradeToAndCall,,setDelegate|setEnforcedOptions|setMsgInspector|setPeer|setPreCrime,False,,True,eip1967,False,0x658aeeb42a5232852797c0528304e949bb8d38cd,1,True,0x0fdc4338d59aa4468a73261984df40bb75b40f06,0x0fdc4338d59aa4468a73261984df40bb75b40f06,eip1967_admin_slot,,,,,2178,,https://6sixseven7.club/,https://x.com/sixsevenapp ; https://t.me/club67 ; https://www.instagram.com/club.67
Giggle Mascot,Max,0xe9Bc5C6A86caA44fD7b469bf3cc7c563E4F77777,0xa2b1926Cb477e92445Cf70602f1A7200361F761D,140117.94,12.4,pancakeswap,WBNB,FlapTaxTokenV3,43,3,lifecycle_ops,,,True,,,,finalizeMigration|initialize|startMigration,,,finalizeMigration|startMigration,True,getPoolStateData|mainPool|poolState|pools,False,,True,0x024f18294970b5c76c0691b87f138a0317156422,20,,,,unresolved,,,,,2495,,https://www.maxbnb.meme/,https://x.com/GiggleMascotBNB ; https://t.me/GiggleMascotBNB
Alibaba,BABAB,0x4eF9d3062c7F6ebA4AAE4990c5036598C6eff4ec,0xfD95CB1391999006Eb91797a7c62acFe88b20292,139424.42,10.5,pancakeswap,USDT,BeaconProxy,45,12,fund_ops|admin_treasury_pool_signer|lifecycle_ops|admin_config_gated,burn|mint|setBurnEnabled|setMintEnabled,,False,setPauseManager,,,initialize,,grantRole|revokeRole|setBurnEnabled|setCompliance|setIdentifier|setMintEnabled|setName|setSymbol,setPauseManager,False,,True,eip1967,False,0xcfed6c4679297ea4889f8183bc057b4a86c64e46,11,True,,0x45e35fe982f3869221b222abea372fa97aa7679d,DEFAULT_ADMIN_ROLE holder | beacon 0x156d6dce9a4f6139a3406f1f021f1a4880de93a3,,,,,3480,,https://taobaodoll.netlify.app,
TCryptochicks,TCC,0xa4390B901a63641c92327E5793b45FCB46954444,0xC04e7fac7ea87ea9a0D31B6BCD7CA9B44CE4F803,137849.89,39.5,pancakeswap,WBNB,Token,20,2,lifecycle_ops|admin_config_gated,,,False,,,,init,,setMode,init,False,,False,,False,,0,,,,unresolved,,,,,61280,pausable,https://tcc.fun/,https://x.com/i/communities/1987264839560147056 ; https://t.me/TCConBSC
VenusCoin,VenusCoin,0x5460b5E88799D27bbdf8A210926C17Dec18d7777,0x12cd92372983c4d60Fd40ae6c7545bbc5EBc8cA7,137656.71,8.7,pancakeswap,XAUt,FlapTaxTokenV3,43,3,lifecycle_ops,,,True,,,,finalizeMigration|initialize|startMigration,,,finalizeMigration|startMigration,True,getPoolStateData|mainPool|poolState|pools,False,,True,0x024f18294970b5c76c0691b87f138a0317156422,20,,,,unresolved,,,,,6904,,https://venuscoinbnb.com/,https://x.com/VenusCoin7777
The Martian Dog,Marvin,0xC6Bff31BbFa84d3c05AD61D8Ec47bE8B31517777,0xd05df375Fd50726A0680ffDC295A9bA56A7295C9,136454.58,7.1,pancakeswap,WBNB,FlapTaxTokenV3,43,3,lifecycle_ops,,,True,,,,finalizeMigration|initialize|startMigration,,,finalizeMigration|startMigration,True,getPoolStateData|mainPool|poolState|pools,False,,True,0x024f18294970b5c76c0691b87f138a0317156422,20,,,,unresolved,,,,,5732,,,
八方来,BFC,0x8881d7B8e8702494866Fc3d05B9aA3c52c79A62E,0x0167aaD664FcF265dC26A8B9647200cb6CA650c2,133526.3,28.5,pancakeswap,USDC,BFLToken,89,1,lifecycle_ops,,,False,,,,initializeLiquidity,,,initializeLiquidity,True,skimUsdtToPool|treasury,False,,False,,0,,,,unresolved,,,,,1351,mintable|blacklist_fn,,
SpaceXcoin,SpaceXcoin,0xf225e70162837A811C77Dc2bB413A5C06E97FfFf,0x9955ea00dD43747c9B5a49838a300291AD96A837,132826.99,3.4,pancakeswap,SPCXB,Token,65,6,fund_ops|bridge_ops|lifecycle_ops|admin_config_gated,claimFee,,False,,,sendFee|sendToken,init|postMigrate,,setMode,init,False,,False,,False,,0,,,,unresolved,,,,,2311,,http://SpaceXCoinBSC.com,https://x.com/spacexcoinf ; https://t.me/SpaceXcoin1
SpaceXcoin,SpaceXcoin,0x0B175544Cf87Bf3f17Df828b1156A44018b328fA,0xcA059e284e74C351600fD339dd474F80995D60EA,127187.64,1.1,pancakeswap,WBNB,ProxyV2,4,1,proxy_upgrade,,,False,,,,,setImplementation,,,False,,True,eip1967,False,0xba4c3893ef98a2c7a38146201c1ea82463f067a3,1,False,,,unresolved,,,,,930390,,,
COSM,COSM,0x0D6aE45c96eC4df860300087462266e19140F6dc,0x40DdB4dd313615a255c59abD1aEf32Ba3f2222b5,124380.58,21.1,pancakeswap,WBNB,FatToken,64,14,admin_treasury_pool_signer|admin_token_mover|lifecycle_ops|admin_config_gated,,,False,setEnableTransferFee|setFeeWhiteList|setFundAddress|setSwapPairList|setTransferFee,setAirDropEnable|setAirdropNumbs,,setFeeWhiteList,,changeSwapLimit|changeWalletLimit|disableChangeTax|disableSwapLimit|disableWalletLimit|setAirDropEnable|setAirdropNumbs|setAntiSYNCEnable|setkb,setAirDropEnable|setAirdropNumbs|setEnableTransferFee|setFeeWhiteList|setFundAddress|setSwapPairList|setTransferFee,True,_buyFundFee|_sellFundFee|fundAddress|setFundAddress,False,,False,,0,,,,unresolved,,,,,391436,owner_holds_100pct,https://m.debox.pro/group?id=w6agxkyt&code,https://t.me/COSM_cn
SPK,Spark,0xC1073C967E323F2E197fA3975EC3b279974d7777,0x1176b6Ee898e1B2AeE1C8860FC4b6FE17859EeA8,122559.29,13.6,pancakeswap,SPCXB,FlapTaxTokenV3,43,3,lifecycle_ops,,,True,,,,finalizeMigration|initialize|startMigration,,,finalizeMigration|startMigration,True,getPoolStateData|mainPool|poolState|pools,False,,True,0x024f18294970b5c76c0691b87f138a0317156422,20,,,,unresolved,,,,,1500,,,https://x.com/0xbaua
WROON,WROON,0x44Ff8893e4f245c772486134589AbA54f9Cb95BB,0x575D5eAEAD1e1700b97BE9778E76d9145F30efaA,120502.39,10.2,pancakeswap,USDC,WROON,35,6,fund_ops|admin_treasury_pool_signer|admin_config_gated,burn|burnFrom,,False,setSwapPair,,,,,setBuyLimitAmount|setBuyLimitEndTime|setTradingEnabled,setSwapPair,False,,False,,False,,0,,,,unresolved,,,,,5167,pausable|owner_holds_50pct,,
共生    ,gongsheng,0x70F7B593148283e7d84CeAB31407Bae0b5317777,0xFfb73F02924B524bd1508408AC6BF5fC9E8e9173,119955.71,11.2,pancakeswap,WBNB,FlapTaxTokenV3,43,3,lifecycle_ops,,,True,,,,finalizeMigration|initialize|startMigration,,,finalizeMigration|startMigration,True,getPoolStateData|mainPool|poolState|pools,False,,True,0x024f18294970b5c76c0691b87f138a0317156422,20,,,,unresolved,,,,,30584,,,
Asteroid Shiba,ASTEROID,0x330990DaE53BCa4C5811C5362B44C33a47db7777,0x60c04117753E634fE2D0587493613aACCDD0329c,119736.05,12.7,pancakeswap,SPCXB,FlapTaxTokenV3,43,3,lifecycle_ops,,,True,,,,finalizeMigration|initialize|startMigration,,,finalizeMigration|startMigration,True,getPoolStateData|mainPool|poolState|pools,False,,True,0x024f18294970b5c76c0691b87f138a0317156422,20,,,,unresolved,,,,,8703,,https://asteroidmemes.com/,https://x.com/asteroidbsccto?s=11 ; https://t.me/AsteroidBNBCTO
714,9,0x990C71fDFA761bCF500AC8753f775FF7Fb1b4444,0xFfc1c1Db5aef5C1b36d835a5c5159422d3213066,115305.57,39.2,pancakeswap,WBNB,Token,20,2,lifecycle_ops|admin_config_gated,,,False,,,,init,,setMode,init,False,,False,,False,,0,,,,unresolved,,,,,7013,pausable,,
PIZZA,PIZZA,0x8554D38b95E4F7Ca11D391008627Df30B2b07777,0xE5380b1848e71cBfCD1974d92BD4b76659C67534,111021.64,11.6,pancakeswap,BTCB,FlapTaxTokenV3,43,3,lifecycle_ops,,,True,,,,finalizeMigration|initialize|startMigration,,,finalizeMigration|startMigration,True,getPoolStateData|mainPool|poolState|pools,False,,True,0x024f18294970b5c76c0691b87f138a0317156422,20,,,,unresolved,ticker collision - ruled out,2021-12-08,SlowMist Hacked,"SlowMist lists a 2021 PIZZA exploit on eCurve. This deployment is an EIP-1167 clone of the 2026 launchpad implementation 0x024f1829..., shared with 19 other tokens in this set, so it is not the 2021 contract.",4727,,https://pizzabtc.meme/ ; https://x.com/i/chat/group_join/g2084587888868528222/lCCeWGbGI8,https://x.com/PizzaBTCB ; https://t.me/pizzabschain
JF,JF,0xb723c2010fE240FFcd177BEdeD7e64E411c91313,0x5038ffA600d759689150DA17822b41018Fd70d12,108186.55,20.2,pancakeswap,USDT,JF,49,13,fund_ops|admin_treasury_pool_signer|lifecycle_ops|admin_config_gated,claimContractToken|claimStuckETH|claimStuckToken|setBurnPersent,,False,setAutomatedMarketMakerPair|setFee|setSellExtraFee,,,excludeFromFees,,setBurnPersent|setBuyStatus|setNodeAddress|setSellExtraAddress|setSellStatus|updateSwapTokensAtAmount,excludeFromFees|setAutomatedMarketMakerPair|setFee,False,,False,,False,,0,,,,unresolved,,,,,1070,,,
utility token,utility,0xEde00776439f9C49C592e43EeE34777a51847777,0xD9265bB5A2552eCFB0Da6d5eDc7874d71156ec4c,105635.63,0.7,pancakeswap,USDT,FlapTaxTokenV3,43,3,lifecycle_ops,,,True,,,,finalizeMigration|initialize|startMigration,,,finalizeMigration|startMigration,True,getPoolStateData|mainPool|poolState|pools,False,,True,0x024f18294970b5c76c0691b87f138a0317156422,20,,,,unresolved,,,,,2737,,,https://x.com/cz_binance/status/1355395314845278209
GPU,GPU,0x9DbeF6496134C151b9F9855cc5a1Ee77f0324444,0x29271eD4B6B8FF41c326C81ca040fd110A4A047e,103201.34,13.1,pancakeswap,NVDAB,Token,20,2,lifecycle_ops|admin_config_gated,,,False,,,,init,,setMode,init,False,,False,,False,,0,,,,unresolved,ticker collision - UNRESOLVED,2024-05-08,SlowMist Hacked,"SlowMist lists a 2024 GPU exploit on BNB Chain (_transfer self-transfer balance bug). Could not confirm whether this is the same deployment: getcontractcreation is blocked on this API key and public RPCs are pruned, so historical eth_getCode fails. Contract shape differs (launchpad clone with init/setMode). Treat as unconfirmed.",10826,,,https://x.com/GPUonBSC
Binance bibi,bibi,0x0b6d8934fC8838B1027b510364A2087317bD4444,0x2f19F30b8Be1A00E6a5903953F17244FBFcB0309,103154.09,38.3,pancakeswap,WBNB,Token,20,2,lifecycle_ops|admin_config_gated,,,False,,,,init,,setMode,init,False,,False,,False,,0,,,,unresolved,,,,,55058,,https://www.binance.com/en/square/profile/bibi,https://x.com/bibiplushie
bStocks Never Sleep,bStocks,0x244B112Cf746e62A5DF723cbDe9906a6dEfd7777,0x45DCB68A2ddcCF00271B6941cFfe70676e5C8247,101723.32,6.4,pancakeswap,SPYB,FlapTaxTokenV3,43,3,lifecycle_ops,,,True,,,,finalizeMigration|initialize|startMigration,,,finalizeMigration|startMigration,True,getPoolStateData|mainPool|poolState|pools,False,,True,0x024f18294970b5c76c0691b87f138a0317156422,20,,,,unresolved,,,,,4990,,,https://x.com/search?q=%24bStocks
Whitegold,WG,0xbC2751Efe1bF9dd72230a62C40E3FFE87D415013,0xA0B30645d730f7cdE1F25a857E4D52D024D21ac7,100879.88,44.3,pancakeswap,GOLD,WhiteGold,26,3,admin_treasury_pool_signer|lifecycle_ops|admin_config_gated,,,False,setDexPair,,,setWhitelistedContract,,setProtocolContract|setWhitelistedContract,setDexPair|setWhitelistedContract,True,reserveWallet,False,,False,,0,,,,unresolved,,,,,226,,https://www.whitegoaldex.org/,https://x.com/goaldexorg ; https://t.me/goaldex
