name,symbol,token_address,pair_address,liquidity_usd,age_days,dex,quote,labels,vol24h_usd,txns24h,fdv_usd,market_cap_usd,websites,socials,qualifying_pairs,dexscreener_url,screened,honeypot_is_state,honeypot_is_result,honeypot_is_risk,goplus_state,goplus_is_honeypot,buy_tax_pct,sell_tax_pct,holder_count,lp_holder_count,owner_percent,creator_percent,src_verified,contract_name,risk_flags,memeish_name
StarLink,SLC,0x8AC96df1D3Dbd7c99A54CB4e50599cE129015E50,0x6d7d33aB0D492aCC7122e0918dF54e2DCF35fb28,11168114.36,32.3,pancakeswap,USDT,v2,2546396.65,1919,85934752,85934752,,,1,https://dexscreener.com/bsc/0x6d7d33ab0d492acc7122e0918df54e2dcf35fb28,True,not_indexed,,,ok,0,0.0,3.0,5926,2,0.0,0.000000,True,SLC,mintable|hidden_owner,False
CDAO Token,CDAO,0xa9d33E9203E7d4B9EA8f37Eca73CFe810C5d7cD0,0x86aC451a0c0bcAc5b74116Ae90832e89E9c630df,10832478.2,56.2,pancakeswap,Pro,v2,68126.3,1812,461448292,461448292,,,1,https://dexscreener.com/bsc/0x86ac451a0c0bcac5b74116ae90832e89e9c630df,True,not_indexed,,,ok,0,0.0,0.0,136209,24,0.0,0.000000,True,CDaoToken,,False
AUV,AUV,0x59523E38727C2F4E6DABe89dB938779058F2aDAf,0x54fCD38Ec2f421bBD8d508d3c335b5c39952060f,10083602.89,27.5,pancakeswap,USDT,v2,869390.39,1919,689583658,689583658,,,1,https://dexscreener.com/bsc/0x54fcd38ec2f421bbd8d508d3c335b5c39952060f,True,not_indexed,,,ok,0,0.0,5.0,12705,3,0.005787,0.000000,True,AUVToken,pausable|hidden_owner,False
NEX,NEX,0x3Da5E2EF39cB7530306cf14BaF3c86c201a69B48,0x7cB4a44748b30C4a7D3576F4e771729F8B62B1F2,6313037.89,6.7,pancakeswap,AIC,v2,3731.19,26,62845711,62845711,,,1,https://dexscreener.com/bsc/0x7cb4a44748b30c4a7d3576f4e771729f8b62b1f2,True,not_indexed,,,ok,0,0.0,0.0,118,,0.0,0.000000,True,NEX,,False
LC Token,LC,0xe7ED99DDc65Ce315F187ac9CCdf59576E89DD82E,0xAaDf6272ba63E89926B691030143437996467E04,4006377.0,24.4,pancakeswap,USDT,v2,808505.18,3968,7923565,7923565,,,1,https://dexscreener.com/bsc/0xaadf6272ba63e89926b691030143437996467e04,True,not_indexed,,,ok,0,0.0,5.0,26854,3,0,0.000000,True,ERC20TokenX,mintable|hidden_owner,False
Golden Dragon,GD,0xe44D996fF1C6D9720C13C45431E665Afa9F88888,0xbc01D46f8283A7b40c99E342C77AF733233511cE,3957200.95,56.7,pancakeswap,WBNB,v2,116177.85,673,6710631,6710631,,,1,https://dexscreener.com/bsc/0xbc01d46f8283a7b40c99e342c77af733233511ce,True,not_indexed,,,ok,0,0.0,0.0,15677,3,0.251457,0.000000,True,GD,,False
RICH,RICH,0x7a128ff06283307C8492D92fa7961Ad6253E765d,0xcc27A355f473993b496D45A4c0260f350f366592,3699974.12,32.4,pancakeswap,USDT,v2,832366.59,679,17924567,17924567,,,1,https://dexscreener.com/bsc/0xcc27a355f473993b496d45a4c0260f350f366592,True,not_indexed,,,ok,0,0.0,0.0,880,4,0.0,0.000000,True,RichToken,pausable|hidden_owner|blacklist_fn,False
SFIG,SFIG,0x25F0ff2338174872e9C294d5D2fe736454321378,0xEa862b187E7870cB88653D780AAE7f51523916e3,3669709.99,18.3,pancakeswap,USDT,v2,477574.69,5817,13363201136,13363201136,,,1,https://dexscreener.com/bsc/0xea862b187e7870cb88653d780aae7f51523916e3,True,not_indexed,,,ok,0,0.0,2.0,2375,3,0.0,0.000000,True,SFIG,,False
SWAN TREASURY,STY,0xD6A4F5AADD88ebA9A170AcF67f737BD488142857,0x2BE23D76F423bf464F310aD98749d82691Ecc830,3111296.91,49.2,pancakeswap,USDT,v2,45888.44,684,25823460,25823460,,,1,https://dexscreener.com/bsc/0x2be23d76f423bf464f310ad98749d82691ecc830,True,not_indexed,,,ok,0,0.0,0.0,5504,3,0.006345,0.000000,True,STYTOKEN,,False
AIGO,AIGO,0xa6344A67780e2da01928FEFd9E558D792d7986dc,0x55062dFf43cDBEa250c00368Fc9b5d279d3673CB,2920685.72,20.1,pancakeswap,USDT,v2,121005.23,1730,3044080,3044080,,,1,https://dexscreener.com/bsc/0x55062dff43cdbea250c00368fc9b5d279d3673cb,True,not_indexed,,,ok,0,0.0,0.0,15341,2,0.0,0.000000,True,AIGOToken,,False
Kiichain,KII,0x0081A735b8854FaC525dd3C07e38bd4530Df3007,0xb9addF06CB2F1784982a4c3B9585bC81628f771B,2418330.74,0.4,pancakeswap,USDT,v2,711298824.77,8368,99640244,99640244,,,1,https://dexscreener.com/bsc/0xb9addf06cb2f1784982a4c3b9585bc81628f771b,True,not_indexed,,,ok,,0.0,,1382,2,,0.000000,False,,unverified_source,False
Smart Solve Token,SST,0x8dB27FB78c89975202f550697cE8Acb2E74B2469,0x850Dd77984103Ccd6a732126Ce3A1319993E9355,2231620.96,48.0,pancakeswap,USDT,v2,50896.35,951,1222760221,1222760221,,,1,https://dexscreener.com/bsc/0x850dd77984103ccd6a732126ce3a1319993e9355,True,not_indexed,,,ok,0,0.0,0.0,6906,1,0.0,0.000000,True,SmartSolveToken,,False
o1.exchange,O,0x500A02a20B0B0A3F3efCCFc0559543F5743bd1C4,0x1A9B68ca1dCaCB106c4b853e2d9c915f0cFe2e56,2208057.07,59.5,pancakeswap,USDT,v3,218509.02,6445,9211634,71348899,,,1,https://dexscreener.com/bsc/0x1a9b68ca1dcacb106c4b853e2d9c915f0cfe2e56,True,not_indexed,,,ok,0,0.0,0.0,34654,15,0.0,0.000000,True,MyOFT,,False
NIXI,逆袭人生,0xceFbf00b3732FE91e46989037E4b2564a4fc7777,0x79cB334149a030643c26980De323b842ac981567,1857113.01,27.7,pancakeswap,WBNB,v2,201645.11,1936,120458983,120458983,,,1,https://dexscreener.com/bsc/0x79cb334149a030643c26980de323b842ac981567,True,not_indexed,,,ok,,3.0,5.0,26068,4,,0.000036,True,FlapTaxTokenV3,,False
SpaceX,SPCXB,0xbe9D156892E55e7154BcD3cB0FEA677F9D3103E1,0x66faaD27cf481f82d0089ec8156B3AA3636010C7,1815293.69,12.2,pancakeswap,WBNB,v3,8217706.58,52991,69768579,69768579,,,2,https://dexscreener.com/bsc/0x66faad27cf481f82d0089ec8156b3aa3636010c7,True,not_indexed,,,ok,,0.0,0.0,131598,12,,0.000000,True,BeaconProxy,,False
喵喵币,喵喵币,0xd9D3dAd2EfeD7eE99F1363FAC549f5E476F19A5a,0x6f6A6eAbBf07af11EA58Ba523cF74618F45FD190,1759282.66,15.6,pancakeswap,USDT,v2,708582.62,23798,28196679,28196679,,,1,https://dexscreener.com/bsc/0x6f6a6eabbf07af11ea58ba523cf74618f45fd190,True,not_indexed,,,ok,0,6.97,6.97,79750,2,0.00686,0.000000,True,MMToken,,False
MC Token,MC,0x0a4D87F0b646F29aEAED09A2573AD1FF74bBba62,0x1d26B5168f33d9bdF8d43887612C1b68bC27B121,1639497.35,51.3,pancakeswap,USDT,v2,22891.74,632,16050065,16050065,,,1,https://dexscreener.com/bsc/0x1d26b5168f33d9bdf8d43887612c1b68bc27b121,True,not_indexed,,,ok,0,0.0,6.0,7446,1,0,0.000000,True,MCToken,pausable|hidden_owner,False
BTCΞ,BTCΞ,0xb1939843fB9220719d13076dCeEfb0aeaeF06666,0x3cC292bB0011951F3151eB998816c31680a2Ce87,1524352.94,35.1,pancakeswap,BTCB,v2,25064.32,1030,916899,916899,,,1,https://dexscreener.com/bsc/0x3cc292bb0011951f3151eb998816c31680a2ce87,True,not_indexed,,,ok,0,,,7160,,0.0,0.000000,True,BTToken,,False
ALD,ALD,0x3cBd513239d9E5538A4CAEd8ed53eF77009Df473,0xA25B52492B7177D115feEc6DC09084B1C3952F93,1231060.25,54.1,pancakeswap,WBNB,v2,290051.82,3303,43833084,43833084,https://www.aldrwa.com/,https://x.com/aladdin_rwa ; https://t.me/ALDOfficialAladdin,1,https://dexscreener.com/bsc/0xa25b52492b7177d115feec6dc09084b1c3952f93,True,not_indexed,,,ok,0,2.0,2.0,8602,2,0.0,0.000000,True,PandaToken,,False
MBA,MBA,0xBA9e54676cD0B5820D467E941B8f687EBD26eC23,0x235305cA6594bb5fA2ac9B8cB827128Bf8cdB229,1127864.57,43.4,pancakeswap,USDC,v2,1266.2,39,1243212,1243212,,,1,https://dexscreener.com/bsc/0x235305ca6594bb5fa2ac9b8cb827128bf8cdb229,True,not_indexed,,,ok,,,,6274,4,,0.000000,True,ERC1967Proxy,,False
Invesqo QQQ,QQQB,0x205812CdBed920aFf76C6580abD681a46D11efc7,0xe531fcb1F5a195de7608B9F4f9518544C2cdB693,1084445.0,34.5,pancakeswap,USDT,v3,4371587.53,15413,21295316,21295316,,,1,https://dexscreener.com/bsc/0xe531fcb1f5a195de7608b9f4f9518544c2cdb693,True,not_indexed,,,ok,,0.0,0.0,15682,14,,0.000014,True,BeaconProxy,,False
MarsCoin,MarsCoin,0xFe189E97832DA1573e4e4Ff034F4fFC3a15c7777,0x94F3ed36706c746ad59fAdCAF271b7431AB1D8F1,1037209.02,17.2,pancakeswap,SPCXB,v2,1988259.73,4077,57120350,57120350,https://www.marscoinbnb.com/,https://x.com/MarsCoin7777,3,https://dexscreener.com/bsc/0x94f3ed36706c746ad59fadcaf271b7431ab1d8f1,True,not_indexed,,,ok,0,0.0,0.0,30843,30,,0.000000,True,FlapTaxTokenV3,,False
YH,YH,0xCF9F47937AF27a19b656DbCc462e1f99Ec999999,0x6bB3e44D04D7444ae2ccD98568DaFB8b915aCB03,973483.55,27.6,pancakeswap,HGDAO,v2,9985.67,34,7251804,7251804,,,1,https://dexscreener.com/bsc/0x6bb3e44d04d7444ae2ccd98568dafb8b915acb03,True,ok,False,high,ok,0,3,2.99,14014,1,0.05731,0.000000,True,YH,,False
AIW3,AIW3,0x37E94fc028903E74275478b65160D6d2c0e8880b,0x60F9c05EECe9a2594955d64eFe96e69a73BdAB44,930835.68,10.4,pancakeswap,USDT,v3,219147.32,1610,34643895,34643895,,,1,https://dexscreener.com/bsc/0x60f9c05eece9a2594955d64efe96e69a73bdab44,True,not_indexed,,,ok,0,0.0,0.0,10939,1,0,0.000000,True,AIW3Token,,False
DAPPOS,DOS,0xB0f09ea9ae0515C3551080D4a745C8115aA30e37,0xCbeAad783FFD2CeA125E9D9B2Ec21E639d20Fa59,913389.31,3.3,pancakeswap,USDT,v3,19962444.97,114779,11008774,11008774,,,1,https://dexscreener.com/bsc/0xcbeaad783ffd2cea125e9d9b2ec21e639d20fa59,True,not_indexed,,,ok,0,0.0,0.0,3001,5,0.0,0.000000,True,DapposTokenOFT,,False
SK Hynix,SKHYB,0xCA750eF65f295BBECd685Abf54e82CAf297BDB61,0xD7d30F434b12F7Ed9b0Ae11fF1C754745a10aD52,835043.16,30.5,pancakeswap,USDT,v3,1353329.81,8411,24522836,24521755,https://gmgn.ai/bsc/token/0xd3b3a75506a8d36a9b38bc6e05c255910af87777,,1,https://dexscreener.com/bsc/0xd7d30f434b12f7ed9b0ae11ff1c754745a10ad52,True,not_indexed,,,ok,,0.0,0.0,3907,24,,0.000000,True,BeaconProxy,,False
Cubus Store Coin,CSC,0x02962e4188902E05C4B1856E065551BCce10FFFf,0xf55C23A434426B985D512E2e5519114A5d0249B6,834555.66,26.2,pancakeswap,WBNB,v2,95190.66,1454,17294996,17295508,https://cubusdao.com,https://x.com/cubus_global,1,https://dexscreener.com/bsc/0xf55c23a434426b985d512e2e5519114a5d0249b6,True,not_indexed,,,ok,0,3.0,3.0,1462,6,0.0,0.000000,True,Token,,False
FCO Token,FCO,0xcD1829e826249f41a5Cb434Bf2d25C3D5eA78eC0,0x2925340Dd64472A71D32aa9Bec6176f541595d97,820439.32,24.4,pancakeswap,USDT,v2,211738.17,3011,81272304,81272304,,,1,https://dexscreener.com/bsc/0x2925340dd64472a71d32aa9bec6176f541595d97,True,not_indexed,,,ok,0,0.0,0.0,10486,2,0,0.000000,True,TokenFCO,,False
NVIDIA Corp,NVDAB,0x02Fca66C1D1aFB4E2A7884261eB00F63598a7436,0x8FB4243b553aC29BA088aCf00B9B7dA24bD6690C,805749.62,15.5,pancakeswap,USDT,v3,1452338.37,9126,9851433,9851433,,,2,https://dexscreener.com/bsc/0x8fb4243b553ac29ba088acf00b9b7da24bd6690c,True,not_indexed,,,ok,,0.0,0.0,27026,22,,0.000000,True,BeaconProxy,,False
Mame Inu,MAME,0xe92F7Fe3EAf61DF28b7B75f3FaAB199333c42302,0x924F1a4422a89900FAaFa3F886721FDCcD6e086a,805510.12,53.1,pancakeswap,WBNB,v2,251040.42,9990,5129810,5129810,https://mamebnb.com,https://x.com/mamebnb ; https://t.me/mame,1,https://dexscreener.com/bsc/0x924f1a4422a89900faafa3f886721fdccd6e086a,True,not_indexed,,,ok,0,6.0,6.0,8712,2,0.0,0.000000,True,MAMEINU,,True
金蝶圣甲,金蝶圣甲,0x4f0c550bFe484F957D5C7Dd26f9a630a92A17777,0x3E86832b28854B5C7A86E8666Ac4aB92cdA1843e,773775.94,26.2,pancakeswap,WBNB,v2,157582.28,1544,13962679,13962679,,https://x.com/skl_flap ; https://t.me/SKL_Flap,1,https://dexscreener.com/bsc/0x3e86832b28854b5c7a86e8666ac4ab92cda1843e,True,not_indexed,,,ok,,3.0,3.0,12830,2,,0.000000,True,FlapTaxTokenV3,,False
MarsCoin,MarsCoin,0x9343437EfDc7E147f808A1cE35d527ea4B5371b5,0x97d3AD54Bdff4a0892eE18A616C285D486B0E587,755718.62,2.7,pancakeswap,WBNB,v2,1506132.39,1472,8895968,8895968,,,1,https://dexscreener.com/bsc/0x97d3ad54bdff4a0892ee18a616c285d486b0e587,True,not_indexed,,,ok,,0.75,0.0,3195,2,,0.000000,False,,unverified_source,False
AFW,AFW,0x398033B5c6c362ed1fDC9d0A66aAb359769A0C4b,0xC6EA899c6D3B5869786983A9A29e3c380202CC40,749012.36,53.3,pancakeswap,WBNB,v2,1315.54,1242,1094605,1094605,,,1,https://dexscreener.com/bsc/0xc6ea899c6d3b5869786983a9a29e3c380202cc40,True,not_indexed,,,ok,0,,,3778,1762,0,0.000000,True,AFW,hidden_owner,False
宇树科技,宇树科技,0x65F65266Fe4347E24eA7566D47A6704b4E5e6557,0xE4e3f4a028373933c99A5802f70646d14a1bAF6B,733552.72,3.7,pancakeswap,WBNB,v2,939573.28,1459,10491376,10491376,,,1,https://dexscreener.com/bsc/0xe4e3f4a028373933c99a5802f70646d14a1baf6b,True,not_indexed,,,ok,,0.0,0.0,3790,2,,0.000000,False,,unverified_source,False
GameStop,GMEB,0x46cEeFDa28Dd7207059ed19B0acdc026955bb15C,0x908d49048EB3a7bEdfd238972403842805EAF2bE,712350.67,2.1,pancakeswap,USDT,v3,7886869.88,50824,3613056,3613056,,,1,https://dexscreener.com/bsc/0x908d49048eb3a7bedfd238972403842805eaf2be,True,not_indexed,,,ok,,0.0,0.0,10729,20,,0.000000,True,BeaconProxy,,False
Alphabet,GOOGLB,0x3F53De71c126BdaBAe20f9cD64848d317f6C3238,0x89001D846f7CA36EE089F73eEFC25657E1798144,546050.48,13.5,pancakeswap,USDT,v3,128224.99,1962,17488929,17488929,,,1,https://dexscreener.com/bsc/0x89001d846f7ca36ee089f73eefc25657e1798144,True,not_indexed,,,ok,,0.0,0.0,1226,13,,0.000000,True,BeaconProxy,,False
金龙,金龙,0x48B04234eAA6175b92C7242E93E42A7A3bf1206e,0xC0A20487d3b6b398dEa0FfB77821544B4e7f7ce9,536070.2,8.9,pancakeswap,SPYB,v3,629.23,6,537880,537880,,https://x.com/GoldenDragonBSC ; https://t.me/GoldenDragonbnb,1,https://dexscreener.com/bsc/0xc0a20487d3b6b398dea0ffb77821544b4e7f7ce9,True,not_indexed,,,ok,0,0.0,0.0,310,6,0,0.000001,True,Token,,False
BigBull Decentralized,BBD,0x1b50119Bad9eFA60686ec1a418409BD391148f4C,0x24Eca0867dC02BAcA23bC5FEa9f0B746C6776EEc,524932.58,13.3,pancakeswap,USDT,v2,7760.05,89,237966733,237966733,https://bigbull.biz/,https://x.com/bigbullfinance_ ; https://t.me/bigbull_finance ; https://www.instagram.com/bigbull.finance_,1,https://dexscreener.com/bsc/0x24eca0867dc02baca23bc5fea9f0b746c6776eec,True,not_indexed,,,ok,0,0.0,0.0,693,3,0.0,0.000000,True,BigBull,,False
AiFu,AFF,0xf1a05A63bc33269fc5dA861385B28ab6671a921b,0x63F3c275b8d8a786f43ce64496decc5B3a1d6856,458772.13,45.5,pancakeswap,AiFi,v2,14888.98,85,445435,445435,,,1,https://dexscreener.com/bsc/0x63f3c275b8d8a786f43ce64496decc5b3a1d6856,True,not_indexed,,,ok,0,0.0,0.0,8750,4,0.0,0.000007,True,AFFToken,pausable|blacklist_fn,False
HAKE,HAKE,0x6F161448740241b01B034cB5c6B2fc34223Fad02,0xcffc8C19cfD66b445C612339C668Fa8cE1d2Ea19,421187.79,25.2,pancakeswap,USDT,v2,823902.57,4348,31189837,31189837,,,1,https://dexscreener.com/bsc/0xcffc8c19cfd66b445c612339c668fa8ce1d2ea19,True,not_indexed,,,ok,0,3.0,3.0,16595,1769,0.0,0.000653,True,HAKE,pausable|blacklist_fn,False
VL,VL,0x87e22C22EE71788c3aba5F86372B0DbdB88A889e,0xD20e3c6611c8Ed506ECA4e3C3a0E4437BC76eB85,354878.0,43.3,pancakeswap,USDT,v2,1653.31,19,30551491,30551491,,,1,https://dexscreener.com/bsc/0xd20e3c6611c8ed506eca4e3c3a0e4437bc76eb85,True,not_indexed,,,ok,0,0.0,0.0,2014,3,0.0,0.000000,True,VLToken,blacklist_fn,False
VANTA,VTA,0x57ecFb01f2FA4e8A768AaaE2B9fB4DC0CF9effff,0xB745780A2Ae327dd4CCbA179a88836ecEe42cd56,351460.66,57.2,pancakeswap,WBNB,v2,64987.46,1582,2298848,2298848,,,1,https://dexscreener.com/bsc/0xb745780a2ae327dd4ccba179a88836ecee42cd56,True,not_indexed,,,ok,0,10.0,10.0,9735,9,0.0,0.000000,True,Token,pausable|blacklist_fn,False
The Final Form Bull,CZ,0x7A848a5A8169aa6a2f603D056A749f924F504444,0xd55Fa2c5E63eCAC3A158ca3fED4c8C2185ED45b2,341200.51,41.0,pancakeswap,WBNB,v2,287280.73,2308,1247188,1247188,,https://x.com/i/communities/1975172548406161791,1,https://dexscreener.com/bsc/0xd55fa2c5e63ecac3a158ca3fed4c8c2185ed45b2,True,not_indexed,,,ok,0,0.0,0.0,66611,4,0.0,0.000000,True,Token,pausable,False
Grok Bot,GrokBot,0x5577622192D42740f27218dfbe16e84d70E6aBD3,0xddc808cCe3CFBc0c70Ab9D3F2dDf8E87CA0778a0,333240.33,1.2,pancakeswap,USDT,v2,642723.83,1027,906768,906768,,,1,https://dexscreener.com/bsc/0xddc808cce3cfbc0c70ab9d3f2ddf8e87ca0778a0,True,not_indexed,,,ok,,0.0,0.0,789,2,,0.000000,False,,unverified_source,False
Romantic,Romantic,0xb45a6Ce5437eBE421b341E5bb92508432Ce99999,0xb7A39286Bff6cdc84fF4ca43B832B3011a3e0963,327886.85,20.4,pancakeswap,WBNB,v2,81065.22,1287,1109051,1109051,,,1,https://dexscreener.com/bsc/0xb7a39286bff6cdc84ff4ca43b832b3011a3e0963,True,not_indexed,,,ok,0,3.8,3.8,26746,274,0.205123,0.001481,True,GGGTOKEN,blacklist_fn,False
Apple,AAPLB,0x431a3BEE82E2ca41e49895CbECE5bB0F76A89b7A,0xe9b9998B2EC5430D2246c7f1F8D9f298c97D7365,319065.19,14.6,pancakeswap,USDT,v3,145066.93,708,5277965,5277965,,https://x.com/finder_bnb,1,https://dexscreener.com/bsc/0xe9b9998b2ec5430d2246c7f1f8d9f298c97d7365,True,not_indexed,,,ok,,0.0,0.0,5530,17,,0.000000,True,BeaconProxy,,False
千里马,QLM,0x1Df197D03967eD707E5AABc2c6Cf0c0d62cb7777,0xfC76cc56C5f0962fDBa127F5a582Df37FDA9CE71,311094.0,36.3,pancakeswap,WBNB,v2,64703.8,1750,1608141,1650163,,https://x.com/Qlm_DeFi ; https://t.me/QLiM_Flap,1,https://dexscreener.com/bsc/0xfc76cc56c5f0962fdba127f5a582df37fda9ce71,True,not_indexed,,,ok,,3.0,3.0,11539,3,,0.000000,True,FlapTaxTokenV3,,False
何必东奔西走 币安全部都有,币有,0xe9337Dde3dd9e97f1f45A56412767ce5098E7777,0x44Ea468B40ec3f9DE546Fd5Da9C3AF7A9D23833A,309794.1,13.3,pancakeswap,SPYB,v2,4700494.85,17550,5605784,5605784,,https://x.com/0xcocoCN/status/2059925780747178413,2,https://dexscreener.com/bsc/0x44ea468b40ec3f9de546fd5da9c3af7a9d23833a,True,not_indexed,,,ok,,0.0,0.0,7275,14,,0.000000,True,FlapTaxTokenV3,,False
REAL WORLD APPAREL,JACKET,0x57aeDac0cCaafDEc0ec62FC4fBFd8252735affff,0x5de5A5Da39a23a023B964C25d1A836F9eeA7CFD1,307361.17,10.2,pancakeswap,NVDAB,v2,1636298.82,11039,4378753,4378753,https://jacket.fund/,https://x.com/jacket_cto,1,https://dexscreener.com/bsc/0x5de5a5da39a23a023b964c25d1a836f9eea7cfd1,True,not_indexed,,,ok,0,0.0,0.0,7880,1,0.0,0.000000,True,Token,,False
SPY,SPYB,0x7138b48df7D98D7e3cc221BfE7192D0a178182D8,0x7aA6d92Fc369A8C1EDc631A3aAc44eFB0808ddbF,305848.88,36.7,pancakeswap,USDT,v3,5149358.71,28554,18264434,18264434,,,2,https://dexscreener.com/bsc/0x7aa6d92fc369a8c1edc631a3aac44efb0808ddbf,True,not_indexed,,,ok,,0.0,0.0,36685,15,,0.000000,True,BeaconProxy,,False
GOGOGO,GOGOGO,0x27645951262895AC9f4F18Cde02154aA4fbb86C0,0x3b75172a3d636b763980B2E950268dc6F59c0b72,296617.56,42.1,uniswap,USDT,v2,331.86,93,148451,148451,,,1,https://dexscreener.com/bsc/0x3b75172a3d636b763980b2e950268dc6f59c0b72,True,not_indexed,,,ok,0,,,2,,0.0,0.000000,True,GoogolV2,,False
APEX,APEX,0xC2d2DfBf9A7F27138Ee32b9a4C17a2E5233aAAAA,0x4366cA77B9B561aC2EE7A683F6088a368d900Bf8,284707.34,59.8,pancakeswap,WBNB,v2,1432.12,44,175578,175578,,,1,https://dexscreener.com/bsc/0x4366ca77b9b561ac2ee7a683f6088a368d900bf8,True,not_indexed,,,ok,0,,,51295,2187,0.0,0.000000,True,APEX,pausable,False
MC,MC,0x5892B6EE1adEeb7d6169FCB052cfcF6bBc253139,0x4Cb1B8B701Cd46Bdf8b8CeB78459acbFD842E4fF,281748.77,5.5,pancakeswap,RT,v2,411.89,99,319801,319801,,,1,https://dexscreener.com/bsc/0x4cb1b8b701cd46bdf8b8ceb78459acbfd842e4ff,True,not_indexed,,,ok,0,,,168,,0.0,0.000000,True,SubToken,blacklist_fn,False
Asian games,Asian games,0x31d19B3633eBdb60Dc9d690b3e9eB1FFF61A7777,0xC338a9cA7577370826e8e58F096F657178Fd1b5c,280691.81,5.3,pancakeswap,WBNB,v2,166496.73,3094,2889697,2889697,,,1,https://dexscreener.com/bsc/0xc338a9ca7577370826e8e58f096f657178fd1b5c,True,not_indexed,,,ok,,3.0,3.0,6826,2,,0.000000,True,FlapTaxTokenV3,,False
Multipli,MULT,0x0881623565F98311c26D2D3cBd91C88e415cc4E1,0xd496Ea8C50494462aD035c7a9176504ea1354D85,277413.69,3.3,pancakeswap,WBNB,v2,295773.29,1202,1517962,1517962,,,1,https://dexscreener.com/bsc/0xd496ea8c50494462ad035c7a9176504ea1354d85,True,not_indexed,,,ok,,0.0,0.0,6113,2,,0.000000,False,,unverified_source,False
ZT,ZT,0xDd1667eC26684D62B43958D7f161540318720839,0x92f9f7909852E0B9F20C56c481B18010562d034A,267766.69,23.5,pancakeswap,FIST,v2,19821.49,374,646611,646611,,,1,https://dexscreener.com/bsc/0x92f9f7909852e0b9f20c56c481b18010562d034a,True,not_indexed,,,ok,0,0.0,0.0,4453,,0.0,0.000000,True,ZT,pausable|blacklist_fn,False
"Tesla, Inc. ",TSLAB,0x5b1910eAaD6450E50f816082Aa078C41F10C292f,0xB0f5E5400E8F0F7C242F2b7740C004f020579c41,267185.63,13.5,pancakeswap,USDT,v3,407366.07,4195,13472274,13472274,,,1,https://dexscreener.com/bsc/0xb0f5e5400e8f0f7c242f2b7740c004f020579c41,True,not_indexed,,,ok,,0.0,0.0,19366,37,,0.000000,True,BeaconProxy,,False
ShopinX Token,SPX,0xCa56094722450016F280C4Fd6a333E5c36903827,0xe2561a789E8d94f3f9B620AaEcc627e1E205FE8B,263717.33,18.8,pancakeswap,USDT,v3,156371.11,1362,247121214,61780304,https://shopinx.io,https://x.com/ShopinxSPX ; https://www.instagram.com/shopin.x?igsh=MXJ3cjl6eHI0emY5OA==,1,https://dexscreener.com/bsc/0xe2561a789e8d94f3f9b620aaecc627e1e205fe8b,True,not_indexed,,,ok,0,0.0,0.0,2215,2,0.000724,0.000731,True,ShopinXToken,blacklist_fn,False
功夫女足,功夫女足,0x7122af246EBd72899268DcFa486d2E437A419527,0x3dC984dF68520E3269243Db6Adca691a031473E7,257507.06,2.4,pancakeswap,WBNB,v2,340970.88,3344,2720084,2720084,,,1,https://dexscreener.com/bsc/0x3dc984df68520e3269243db6adca691a031473e7,True,not_indexed,,,ok,0,1.0,5.0,10465,5,0.0,0.000000,True,KungFuWomenFootballToken,pausable,False
BoLe,BoLe,0x5e4538460E07A12ea756fe1B774bf5C006797777,0x2D473fCF1113888a76e678bDf808e557422833a6,252843.54,29.3,pancakeswap,WBNB,v2,58325.54,1619,3118115,3123201,https://m.debox.pro/group?id=hbueubhc&code=j3e35crx,https://x.com/_GOUTCOIN ; https://t.me/BoLeOfficial,1,https://dexscreener.com/bsc/0x2d473fcf1113888a76e678bdf808e557422833a6,True,not_indexed,,,ok,,3.0,3.0,21473,6,,0.000000,True,FlapTaxTokenV3,,False
Cets On Gold,CETS,0xB0c2aB5af4028461acE3f6e1C33a4eE1404E7777,0xdabbd019c0174BDAE6354f32b158D42e4A0E7489,252176.57,7.6,pancakeswap,XAUt,v2,822449.99,3760,4856767,4865910,https://cetsongold.com/,https://x.com/cetsongold ; https://t.me/cetsongold,1,https://dexscreener.com/bsc/0xdabbd019c0174bdae6354f32b158d42e4a0e7489,True,not_indexed,,,ok,,2.9899999999999998,2.97,1902,,,0.002000,True,FlapTaxTokenV3,,False
PEPGEM,PEPGEM,0x0fD1eBe9200DC1E587B8Ee82Ccbd2a13413532f2,0x3a4B1Ff7EFe14d16D353A862cD9e9d1fd4781D0e,247199.75,20.2,pancakeswap,USDT,v2,175242.92,9756,14782858,14782858,,,1,https://dexscreener.com/bsc/0x3a4b1ff7efe14d16d353a862cd9e9d1fd4781d0e,True,not_indexed,,,ok,0,6.800000000000001,6.800000000000001,10262,4,0.0,0.000000,True,PEPGEMToken,pausable,False
BF,BF,0x670225Aa919952c630764F5A7d36837c9f866666,0x0D2Ecc05f8F38129d4Ff21585f050821F17De5cC,239647.33,33.0,pancakeswap,都踏马得来,v2,783.88,32,161849,161849,,,1,https://dexscreener.com/bsc/0x0d2ecc05f8f38129d4ff21585f050821f17de5cc,True,not_indexed,,,ok,0,,,551,,0.0,0.000000,True,BFToken,blacklist_fn,False
DBURN,DBURN,0xDD2FeE7fc438AEA520e2678E9dDBebC5B7b63333,0x12CA5BdF5fAE4B0fE7D2855c6799ae09218D6874,236864.5,6.5,pancakeswap,WBNB,v2,229009.79,2875,1141178,1141178,,,1,https://dexscreener.com/bsc/0x12ca5bdf5fae4b0fe7d2855c6799ae09218d6874,True,not_indexed,,,ok,0,3.0,3.0,3215,4,0.0,0.000000,True,BurnToken,,False
RT,RT,0x82BbE7f1864279fc9604267509D6BAe946333919,0x38CdC7D3A751e5276aE874C9c4114b7876A143c9,236778.51,5.6,pancakeswap,USDT,v2,18745.49,511,1193612,1193612,,,1,https://dexscreener.com/bsc/0x38cdc7d3a751e5276ae874c9c4114b7876a143c9,True,not_indexed,,,ok,0,2.0,,1033,4,0.0,0.000000,True,MainToken,pausable|blacklist_fn,False
Tether Gold,XAUt,0x21cAef8A43163Eea865baeE23b9C2E327696A3bf,0x10e8d7A9e36cBf06e5070f61c73bc67132dEB2ff,236173.03,18.6,pancakeswap,BTCB,v3,760064.81,3320,57066717,57066717,,,2,https://dexscreener.com/bsc/0x10e8d7a9e36cbf06e5070f61c73bc67132deb2ff,True,ok,,unknown,ok,,0.0,0.0,14367,55,,0.000000,True,TransparentUpgradeableProxy,,False
CZBURN,CBURN,0x309409237C4dB70Cd66067741eDcF02Bf69E7777,0x0B72bf3C70531E04d58783b2DD12fb71180744De,236141.26,2.3,pancakeswap,WBNB,v2,160948.88,1783,6825323,6825323,,,1,https://dexscreener.com/bsc/0x0b72bf3c70531e04d58783b2dd12fb71180744de,True,not_indexed,,,ok,,3.0,4.0,2964,2,,0.000015,True,FlapTaxTokenV3,,False
暴躁牛,暴躁牛,0x3A51dAE2Dc3D901A2cEfeD3Ad128116bf31C7777,0xfBb04B4D5F8610D09cc6973b1Efd44C0fE51bbAc,209015.84,19.3,pancakeswap,WBNB,v2,9134.91,2109,673556,673556,,https://x.com/ANGRYBULU ; https://t.me/ANGRYBULU,1,https://dexscreener.com/bsc/0xfbb04b4d5f8610d09cc6973b1efd44c0fe51bbac,True,not_indexed,,,ok,,3.0,3.0,9182,2,,0.000000,True,FlapTaxTokenV3,,False
宇树机器人,宇树机器人,0xaA63730f078FF3C3B31e3521BD8E63A8a7a7297e,0x207fB72397ddE915D0d48427F77ff26bBcFf2BAE,201381.4,1.3,pancakeswap,WBNB,v2,1137991.24,2919,3020653,3020653,,,1,https://dexscreener.com/bsc/0x207fb72397dde915d0d48427f77ff26bbcff2bae,False,not_indexed,,,failed,,,,,,,,True,SimpleProxy11,SAFETY_CHECK_UNAVAILABLE,False
赤子,CZ,0xF5Ed4e9fb91F19D2E7f9D485F8D812c679eedd50,0x46b7d5F6a5a465052648ad6ED8a51A0D713e3280,190767.0,13.2,pancakeswap,USDT,v2,66699.38,583,961161,961161,https://chizifi.app ; https://m.debox.pro/group?id=uqw5ek6c&code=rs8ek3zq,,2,https://dexscreener.com/bsc/0x46b7d5f6a5a465052648ad6ed8a51a0d713e3280,True,not_indexed,,,ok,0,4.0,4.0,1470,4,0.0,0.000000,True,ChiziToken,,False
币安宇宙,币安宇宙,0x0118508d60B355b83B96eAcc08C41b71E8314c6b,0x439BBbcb0536460850d95158439968B8FBCdbF20,188220.17,1.3,pancakeswap,WBNB,v2,1126168.93,2881,1313655,1313655,,,1,https://dexscreener.com/bsc/0x439bbbcb0536460850d95158439968b8fbcdbf20,True,not_indexed,,,ok,,0.38,,234475,2,,0.000000,True,SimpleP015,,False
SUMMER,SUMMER,0xeEb3d73d4dd44e6E4d957d89492f05d5CCeE7777,0x84307D86E8C367a98aCDcaB707eBE741E1F2C412,183667.22,8.3,pancakeswap,SPYB,v2,1210299.33,6738,2360127,2360127,,,1,https://dexscreener.com/bsc/0x84307d86e8c367a98acdcab707ebe741e1f2c412,True,not_indexed,,,ok,,1.0,0.9900000000000001,2995,,,0.000000,True,FlapTaxTokenV3,,False
Terra Kinetic Network,TKN,0xc626AD09B1c30B556705741731879EE95d7C9939,0xd91D7B5c971202eE2693Ad30b217CDad0009e33D,179426.4,21.6,pancakeswap,WBNB,v2,1477.93,21,99498,99498,,,1,https://dexscreener.com/bsc/0xd91d7b5c971202ee2693ad30b217cdad0009e33d,True,not_indexed,,,ok,0,,,829,4,0.0,0.000000,True,TKNToken,mintable,False
Vow Euro,v€,0x3745e245612f130B57589688060454A8ae43276C,0x8fC5E4cC4768449bc7fEb0Bf094BCdc3e4B16975,177407.94,26.7,pancakeswap,v$,v2,600.11,10,2041810,2041810,,,1,https://dexscreener.com/bsc/0x8fc5e4cc4768449bc7feb0bf094bcdc3e4b16975,True,not_indexed,,,ok,0,,,99,,0,0.000000,True,VowEuroToken,mintable,False
Zirix,ZX,0x45578E017c5014F06d5DA1707EEA7AFAec295437,0xF153fe4e7D71e7c1c8aE29344BD28991Fd160e8d,175874.95,10.0,pancakeswap,USDT,v2,12993.79,39,454841,454841,,,1,https://dexscreener.com/bsc/0xf153fe4e7d71e7c1c8ae29344bd28991fd160e8d,True,not_indexed,,,ok,0,1.0,0.9900000000000001,140,2,0.0,0.000000,True,ZirixTokenContract,,False
关山月,关山月,0xdeA5a7a216c867Df782779f4ab0E3b2aB868f2E3,0xCF7e25D3B5890947f2c7fDed0D101aB0b9175AfE,169784.81,7.7,pancakeswap,USDT,v2,85273.19,2074,1418139,1418139,,,1,https://dexscreener.com/bsc/0xcf7e25d3b5890947f2c7fded0d101ab0b9175afe,True,not_indexed,,,ok,0,3.0,3.61,12612,2,0.0,0.000078,True,GSY,,False
DS,DS,0xEB112E3feb273fFC3ea6532724d53ec8EE388888,0xca00fe1A387EcB65CbDd6E5aea3C4dea0eC18ad9,169219.09,10.9,pancakeswap,WBNB,v2,12952.29,143,120871,120871,,,1,https://dexscreener.com/bsc/0xca00fe1a387ecb65cbdd6e5aea3c4dea0ec18ad9,True,not_indexed,,,ok,0,,,3,4,0.0,0.000000,True,DSToken,pausable,False
Talus Token,US,0x51f1AFC16E154d1601e61EcA21d8Af4897f1e840,0xC84c8a7A25cEb962403775FA5a8C38Fbce0D4162,161509.03,55.6,pancakeswap,USDT,v3,452240.96,7545,12409109,12409109,,,1,https://dexscreener.com/bsc/0xc84c8a7a25ceb962403775fa5a8c38fbce0d4162,True,not_indexed,,,ok,,0.0,0.0,234,1,,0.000000,True,BridgeToken,,False
币安游戏,币安游戏,0x82FdfDBb44Cf8e1E256746dACb2A34D9B70acf8C,0x1570651F5507720B0A8473ca1E5851049cac7a89,155541.21,1.2,pancakeswap,WBNB,v2,354750.87,812,1908523,1908523,,,1,https://dexscreener.com/bsc/0x1570651f5507720b0a8473ca1e5851049cac7a89,True,not_indexed,,,ok,,0.0,0.0,1212188,2,,0.000000,False,,unverified_source,False
币安中国,币安中国,0x2413a79D1c4A110857fFe72328195303088Eb77f,0x954BE0C876355CC34e7729345c61DE00e9832d89,155170.08,1.2,pancakeswap,WBNB,v2,344972.21,836,1904553,1904553,,,1,https://dexscreener.com/bsc/0x954be0c876355cc34e7729345c61de00e9832d89,True,not_indexed,,,ok,,0.0,0.0,1719171,2,,0.000000,False,,unverified_source,False
BearWin,BRC,0xc69EEAD86a8249A768708DBA88001FEb90068888,0x040C925D68A32Ffa6199DADA68b4b9751f07DDB0,148816.3,17.5,pancakeswap,BW,v2,2216.02,557,108939,108939,,,1,https://dexscreener.com/bsc/0x040c925d68a32ffa6199dada68b4b9751f07ddb0,True,not_indexed,,,ok,0,0.0,0.0,15594,2,0.0,0.000000,True,ABRCTOKEN,,False
MIZU KAPPA,MIZU,0xb1D1F602034F7c4b242169b818200d07C117FfFF,0xebCEb9c56F7011A424E895bc3F48b1F7229ee4E3,147517.85,37.8,pancakeswap,WBNB,v2,2895.73,67,2481303,2481303,https://mizukappa.io/ ; https://www.facebook.com/MizukappaonBsc ; https://whatsapp.com/channel/0029Vb78EzE6mYPG4HhB700Y ; https://www.youtube.com/@mizukappatoken,https://x.com/Mizu_kappa ; https://t.me/Mizukappa,1,https://dexscreener.com/bsc/0xebceb9c56f7011a424e895bc3f48b1f7229ee4e3,True,not_indexed,,,ok,0,3.0,3.0,1433,2,0.0,0.000000,True,Token,,False
Microsoft,MSFTB,0x80106cb3EAD06659A5ad19DF39D9b4733863B9b0,0x5018b018cEB7645c927c5Cf246786F89ebCbe7Ea,145562.84,24.1,pancakeswap,USDT,v3,136375.02,2021,3048274,3048274,,,1,https://dexscreener.com/bsc/0x5018b018ceb7645c927c5cf246786f89ebcbe7ea,True,not_indexed,,,ok,,0.0,0.0,3896,11,,0.000000,True,BeaconProxy,,False
EP,EP,0xC689A4aF8A68c61386766755BB8C8d0A54388888,0xd3691EBbbFCa22b983cC236abc38dFac56DdC65a,144413.68,45.1,pancakeswap,WBNB,v2,1442.3,77,9858410,9858410,,,1,https://dexscreener.com/bsc/0xd3691ebbbfca22b983cc236abc38dfac56ddc65a,True,not_indexed,,,ok,0,0.0,9.99,1895,146,0.012186,0.000000,True,ExpansionProtocol,,False
SIXSEVEN,67,0xE7E569417D315Ef260778C09d289d7966213C452,0xFfe68427490247F4151A7E8ef744c59f4fc98a13,142127.91,20.3,pancakeswap,USDT,v3,81225.26,2433,2348670,2348670,https://6sixseven7.club/,https://x.com/sixsevenapp ; https://t.me/club67 ; https://www.instagram.com/club.67,1,https://dexscreener.com/bsc/0xffe68427490247f4151a7e8ef744c59f4fc98a13,True,not_indexed,,,ok,,0.0,0.0,2178,1,,0.011985,True,TransparentUpgradeableProxy,,False
Giggle Mascot,Max,0xe9Bc5C6A86caA44fD7b469bf3cc7c563E4F77777,0xa2b1926Cb477e92445Cf70602f1A7200361F761D,140117.94,12.4,pancakeswap,WBNB,v2,514673.08,1930,1712419,1712419,https://www.maxbnb.meme/,https://x.com/GiggleMascotBNB ; https://t.me/GiggleMascotBNB,1,https://dexscreener.com/bsc/0xa2b1926cb477e92445cf70602f1a7200361f761d,True,not_indexed,,,ok,,3.0,3.0,2495,3,,0.008587,True,FlapTaxTokenV3,,False
Alibaba,BABAB,0x4eF9d3062c7F6ebA4AAE4990c5036598C6eff4ec,0xfD95CB1391999006Eb91797a7c62acFe88b20292,139424.42,10.5,pancakeswap,USDT,v3,238246.43,4339,2443292,2443292,https://taobaodoll.netlify.app,,1,https://dexscreener.com/bsc/0xfd95cb1391999006eb91797a7c62acfe88b20292,True,not_indexed,,,ok,,0.0,0.0,3480,22,,0.000000,True,BeaconProxy,,False
TCryptochicks,TCC,0xa4390B901a63641c92327E5793b45FCB46954444,0xC04e7fac7ea87ea9a0D31B6BCD7CA9B44CE4F803,137849.89,39.5,pancakeswap,WBNB,v2,110741.44,1536,414276,848057,https://tcc.fun/,https://x.com/i/communities/1987264839560147056 ; https://t.me/TCConBSC,1,https://dexscreener.com/bsc/0xc04e7fac7ea87ea9a0d31b6bcd7ca9b44ce4f803,True,not_indexed,,,ok,0,0.0,0.0,61280,2,0.0,0.000000,True,Token,pausable,False
VenusCoin,VenusCoin,0x5460b5E88799D27bbdf8A210926C17Dec18d7777,0x12cd92372983c4d60Fd40ae6c7545bbc5EBc8cA7,137656.71,8.7,pancakeswap,XAUt,v2,313017.07,1315,1117147,1119432,https://venuscoinbnb.com/,https://x.com/VenusCoin7777,1,https://dexscreener.com/bsc/0x12cd92372983c4d60fd40ae6c7545bbc5ebc8ca7,True,not_indexed,,,ok,,0.0,0.0,6904,10,,0.000038,True,FlapTaxTokenV3,,False
The Martian Dog,Marvin,0xC6Bff31BbFa84d3c05AD61D8Ec47bE8B31517777,0xd05df375Fd50726A0680ffDC295A9bA56A7295C9,136454.58,7.1,pancakeswap,WBNB,v2,85887.47,2584,2246133,2246133,,,1,https://dexscreener.com/bsc/0xd05df375fd50726a0680ffdc295a9ba56a7295c9,True,not_indexed,,,ok,,3.0,3.0,5732,2,,0.000000,True,FlapTaxTokenV3,,False
八方来,BFC,0x8881d7B8e8702494866Fc3d05B9aA3c52c79A62E,0x0167aaD664FcF265dC26A8B9647200cb6CA650c2,133526.3,28.5,pancakeswap,USDC,v2,2091.18,15,79101,79101,,,1,https://dexscreener.com/bsc/0x0167aad664fcf265dc26a8b9647200cb6ca650c2,True,not_indexed,,,ok,0,,,1351,3,0.0,0.000000,True,BFLToken,mintable|blacklist_fn,False
SpaceXcoin,SpaceXcoin,0xf225e70162837A811C77Dc2bB413A5C06E97FfFf,0x9955ea00dD43747c9B5a49838a300291AD96A837,132826.99,3.4,pancakeswap,SPCXB,v2,882082.01,6635,1118761,1118761,http://SpaceXCoinBSC.com,https://x.com/spacexcoinf ; https://t.me/SpaceXcoin1,1,https://dexscreener.com/bsc/0x9955ea00dd43747c9b5a49838a300291ad96a837,True,not_indexed,,,ok,0,,,2311,1,0.0,0.000000,True,Token,,False
SpaceXcoin,SpaceXcoin,0x0B175544Cf87Bf3f17Df828b1156A44018b328fA,0xcA059e284e74C351600fD339dd474F80995D60EA,127187.64,1.1,pancakeswap,WBNB,v2,1216674.62,3046,1112066,1112066,,,1,https://dexscreener.com/bsc/0xca059e284e74c351600fd339dd474f80995d60ea,True,not_indexed,,,ok,,0.38,,930390,2,,0.000000,True,ProxyV2,,False
COSM,COSM,0x0D6aE45c96eC4df860300087462266e19140F6dc,0x40DdB4dd313615a255c59abD1aEf32Ba3f2222b5,124380.58,21.1,pancakeswap,WBNB,v2,363875.31,5529,1054809,1054809,https://m.debox.pro/group?id=w6agxkyt&code,https://t.me/COSM_cn,1,https://dexscreener.com/bsc/0x40ddb4dd313615a255c59abd1aef32ba3f2222b5,True,not_indexed,,,ok,0,3.0,3.0,391436,3,0.9951,0.000008,True,FatToken,owner_holds_100pct,False
SPK,Spark,0xC1073C967E323F2E197fA3975EC3b279974d7777,0x1176b6Ee898e1B2AeE1C8860FC4b6FE17859EeA8,122559.29,13.6,pancakeswap,SPCXB,v2,49285.3,601,785987,786191,,https://x.com/0xbaua,1,https://dexscreener.com/bsc/0x1176b6ee898e1b2aee1c8860fc4b6fe17859eea8,True,not_indexed,,,ok,,2.9899999999999998,2.97,1500,,,0.000000,True,FlapTaxTokenV3,,False
WROON,WROON,0x44Ff8893e4f245c772486134589AbA54f9Cb95BB,0x575D5eAEAD1e1700b97BE9778E76d9145F30efaA,120502.39,10.2,pancakeswap,USDC,v2,6309.04,105,653260,653260,,,1,https://dexscreener.com/bsc/0x575d5eaead1e1700b97be9778e76d9145f30efaa,True,not_indexed,,,ok,0,2.0,2.0,5167,20,0.5,0.500000,True,WROON,pausable|owner_holds_50pct,False
共生    ,gongsheng,0x70F7B593148283e7d84CeAB31407Bae0b5317777,0xFfb73F02924B524bd1508408AC6BF5fC9E8e9173,119955.71,11.2,pancakeswap,WBNB,v2,57980.36,1449,257843,257843,,,1,https://dexscreener.com/bsc/0xffb73f02924b524bd1508408ac6bf5fc9e8e9173,True,not_indexed,,,ok,,3.0,4.0,30584,2,,0.000000,True,FlapTaxTokenV3,,False
Asteroid Shiba,ASTEROID,0x330990DaE53BCa4C5811C5362B44C33a47db7777,0x60c04117753E634fE2D0587493613aACCDD0329c,119736.05,12.7,pancakeswap,SPCXB,v2,104311.6,762,681130,681130,https://asteroidmemes.com/,https://x.com/asteroidbsccto?s=11 ; https://t.me/AsteroidBNBCTO,1,https://dexscreener.com/bsc/0x60c04117753e634fe2d0587493613aaccdd0329c,True,not_indexed,,,ok,,0.0,0.0,8703,12,,0.000006,True,FlapTaxTokenV3,,True
Monkey,Monkey,0x684a1768c8d0098811017B7812c23978dd58c276,0xd9E51Cb178dCbD0de2333ef5cf94cd042aE49F31,118723.95,9.3,pancakeswap,XAUt,v2,1794607.72,11507,,29618282,,https://x.com/mocobsc ; https://t.me/monkeybsc89,1,https://dexscreener.com/bsc/0xd9e51cb178dcbd0de2333ef5cf94cd042ae49f31,True,not_indexed,,,ok,0,0.0,0.0,60687,5,0.0,0.000000,True,Token,,True
714,9,0x990C71fDFA761bCF500AC8753f775FF7Fb1b4444,0xFfc1c1Db5aef5C1b36d835a5c5159422d3213066,115305.57,39.2,pancakeswap,WBNB,v2,149636.68,868,1245384,1245384,,,1,https://dexscreener.com/bsc/0xffc1c1db5aef5c1b36d835a5c5159422d3213066,True,not_indexed,,,ok,0,0.0,0.0,7013,2,0.0,0.000000,True,Token,pausable,False
PIZZA,PIZZA,0x8554D38b95E4F7Ca11D391008627Df30B2b07777,0xE5380b1848e71cBfCD1974d92BD4b76659C67534,111021.64,11.6,pancakeswap,BTCB,v2,221296.53,1701,853594,853594,https://pizzabtc.meme/ ; https://x.com/i/chat/group_join/g2084587888868528222/lCCeWGbGI8,https://x.com/PizzaBTCB ; https://t.me/pizzabschain,1,https://dexscreener.com/bsc/0xe5380b1848e71cbfcd1974d92bd4b76659c67534,True,not_indexed,,,ok,,0.0,0.0,4727,8,,0.000000,True,FlapTaxTokenV3,,False
JF,JF,0xb723c2010fE240FFcd177BEdeD7e64E411c91313,0x5038ffA600d759689150DA17822b41018Fd70d12,108186.55,20.2,pancakeswap,USDT,v2,2102.28,265,9647060,9647060,,,1,https://dexscreener.com/bsc/0x5038ffa600d759689150da17822b41018fd70d12,True,not_indexed,,,ok,0,0.0,0.0,1070,4,0.00039,0.000000,True,JF,,False
utility token,utility,0xEde00776439f9C49C592e43EeE34777a51847777,0xD9265bB5A2552eCFB0Da6d5eDc7874d71156ec4c,105635.63,0.7,pancakeswap,USDT,v3,3100202.35,15695,7848956,7848956,,https://x.com/cz_binance/status/1355395314845278209,1,https://dexscreener.com/bsc/0xd9265bb5a2552ecfb0da6d5edc7874d71156ec4c,True,not_indexed,,,ok,,0.0,0.0,2737,19,,0.000000,True,FlapTaxTokenV3,,False
MarsCoin,MarsCoin,0x816B28F07546f8776cd6492DF6b75aadf3d04444,0xf021672236C69919867DaE2B75279d9F94762f01,103896.33,0.4,pancakeswap,USDT,v2,32288419.38,2232,164991,164991,,,1,https://dexscreener.com/bsc/0xf021672236c69919867dae2b75279d9f94762f01,True,not_indexed,,,ok,0,0.0,0.0,739,2,0.0,0.000000,True,Token,,False
GPU,GPU,0x9DbeF6496134C151b9F9855cc5a1Ee77f0324444,0x29271eD4B6B8FF41c326C81ca040fd110A4A047e,103201.34,13.1,pancakeswap,NVDAB,v2,77479.37,759,850932,850932,,https://x.com/GPUonBSC,1,https://dexscreener.com/bsc/0x29271ed4b6b8ff41c326c81ca040fd110a4a047e,True,not_indexed,,,ok,0,0.0,0.0,10826,1,0.0,0.000000,True,Token,,False
Binance bibi,bibi,0x0b6d8934fC8838B1027b510364A2087317bD4444,0x2f19F30b8Be1A00E6a5903953F17244FBFcB0309,103154.09,38.3,pancakeswap,WBNB,v2,39607.05,498,586404,586404,https://www.binance.com/en/square/profile/bibi,https://x.com/bibiplushie,1,https://dexscreener.com/bsc/0x2f19f30b8be1a00e6a5903953f17244fbfcb0309,True,not_indexed,,,ok,0,0.0,0.0,55058,3,0.0,0.000000,True,Token,,False
QUALNET QUANTUM,QAN,0x0Def250DCBA76AC11706AdAe158e0951C6eBffff,0xf6cFa001Cb3a809952DEBb823670d0B565BD66EA,102051.51,0.8,pancakeswap,WBNB,v2,2192293.25,1684,350152,350152,,,1,https://dexscreener.com/bsc/0xf6cfa001cb3a809952debb823670d0b565bd66ea,True,not_indexed,,,ok,0,0.0,0.0,745,2,0.0,0.000000,True,QAN,,False
bStocks Never Sleep,bStocks,0x244B112Cf746e62A5DF723cbDe9906a6dEfd7777,0x45DCB68A2ddcCF00271B6941cFfe70676e5C8247,101723.32,6.4,pancakeswap,SPYB,v2,2754650.31,16821,638262,638262,,https://x.com/search?q=%24bStocks,1,https://dexscreener.com/bsc/0x45dcb68a2ddccf00271b6941cffe70676e5c8247,True,not_indexed,,,ok,,0.0,0.0,4990,2,,0.000000,True,FlapTaxTokenV3,,False
Whitegold,WG,0xbC2751Efe1bF9dd72230a62C40E3FFE87D415013,0xA0B30645d730f7cdE1F25a857E4D52D024D21ac7,100879.88,44.3,pancakeswap,GOLD,v2,1113.88,6,992720,992720,https://www.whitegoaldex.org/,https://x.com/goaldexorg ; https://t.me/goaldex,1,https://dexscreener.com/bsc/0xa0b30645d730f7cde1f25a857e4d52d024d21ac7,True,not_indexed,,,ok,0,0.0,0.0,226,2,0.0,0.000000,True,WhiteGold,,False
